03-Oct-2026 13:37:42.152 INFO [main] org.apache.catalina.startup.VersionLoggerListener.log Nombre de la versión del servidor: Apache Tomcat/9.0.122
03-Oct-2026 13:37:42.156 INFO [main] org.apache.catalina.startup.VersionLoggerListener.log Server built:                      Sep 10 2026 06:55:33 UTC
03-Oct-2026 13:37:42.157 INFO [main] org.apache.catalina.startup.VersionLoggerListener.log Número de versión de servidor:     9.0.122.0
03-Oct-2026 13:37:42.157 INFO [main] org.apache.catalina.startup.VersionLoggerListener.log OS Name:                           Windows 11
03-Oct-2026 13:37:42.157 INFO [main] org.apache.catalina.startup.VersionLoggerListener.log Versión de Systema Operativo:      10.0
03-Oct-2026 13:37:42.157 INFO [main] org.apache.catalina.startup.VersionLoggerListener.log Arquitectura:                      amd64
03-Oct-2026 13:37:42.158 INFO [main] org.apache.catalina.startup.VersionLoggerListener.log Java Home:                         C:\Program Files\Java\jdk-26
03-Oct-2026 13:37:42.158 INFO [main] org.apache.catalina.startup.VersionLoggerListener.log JVM Version:                       26+35-2893
03-Oct-2026 13:37:42.158 INFO [main] org.apache.catalina.startup.VersionLoggerListener.log Vededor JVM:                       Oracle Corporation
03-Oct-2026 13:37:42.158 INFO [main] org.apache.catalina.startup.VersionLoggerListener.log CATALINA_BASE:                     C:\Users\nigue\OneDrive\Documentos\apache-tomcat-9.0.122
03-Oct-2026 13:37:42.158 INFO [main] org.apache.catalina.startup.VersionLoggerListener.log CATALINA_HOME:                     C:\Users\nigue\OneDrive\Documentos\apache-tomcat-9.0.122
03-Oct-2026 13:37:42.193 INFO [main] org.apache.catalina.startup.VersionLoggerListener.log Command line argument:             --add-opens=java.base/java.lang=ALL-UNNAMED
03-Oct-2026 13:37:42.193 INFO [main] org.apache.catalina.startup.VersionLoggerListener.log Command line argument:             --add-opens=java.base/java.lang.invoke=ALL-UNNAMED
03-Oct-2026 13:37:42.194 INFO [main] org.apache.catalina.startup.VersionLoggerListener.log Command line argument:             --add-opens=java.base/java.lang.reflect=ALL-UNNAMED
03-Oct-2026 13:37:42.194 INFO [main] org.apache.catalina.startup.VersionLoggerListener.log Command line argument:             --add-opens=java.base/java.io=ALL-UNNAMED
03-Oct-2026 13:37:42.194 INFO [main] org.apache.catalina.startup.VersionLoggerListener.log Command line argument:             --add-opens=java.base/java.util=ALL-UNNAMED
03-Oct-2026 13:37:42.194 INFO [main] org.apache.catalina.startup.VersionLoggerListener.log Command line argument:             --add-opens=java.base/java.util.concurrent=ALL-UNNAMED
03-Oct-2026 13:37:42.194 INFO [main] org.apache.catalina.startup.VersionLoggerListener.log Command line argument:             --add-opens=java.rmi/sun.rmi.transport=ALL-UNNAMED
03-Oct-2026 13:37:42.194 INFO [main] org.apache.catalina.startup.VersionLoggerListener.log Command line argument:             -Djava.util.logging.config.file=C:\Users\nigue\OneDrive\Documentos\apache-tomcat-9.0.122\conf\logging.properties
03-Oct-2026 13:37:42.194 INFO [main] org.apache.catalina.startup.VersionLoggerListener.log Command line argument:             -Djava.util.logging.manager=org.apache.juli.ClassLoaderLogManager
03-Oct-2026 13:37:42.195 INFO [main] org.apache.catalina.startup.VersionLoggerListener.log Command line argument:             -Djdk.tls.ephemeralDHKeySize=2048
03-Oct-2026 13:37:42.195 INFO [main] org.apache.catalina.startup.VersionLoggerListener.log Command line argument:             -Djava.protocol.handler.pkgs=org.apache.catalina.webresources
03-Oct-2026 13:37:42.195 INFO [main] org.apache.catalina.startup.VersionLoggerListener.log Command line argument:             -Dsun.io.useCanonCaches=false
03-Oct-2026 13:37:42.195 INFO [main] org.apache.catalina.startup.VersionLoggerListener.log Command line argument:             -Dignore.endorsed.dirs=
03-Oct-2026 13:37:42.195 INFO [main] org.apache.catalina.startup.VersionLoggerListener.log Command line argument:             -Dcatalina.base=C:\Users\nigue\OneDrive\Documentos\apache-tomcat-9.0.122
03-Oct-2026 13:37:42.196 INFO [main] org.apache.catalina.startup.VersionLoggerListener.log Command line argument:             -Dcatalina.home=C:\Users\nigue\OneDrive\Documentos\apache-tomcat-9.0.122
03-Oct-2026 13:37:42.196 INFO [main] org.apache.catalina.startup.VersionLoggerListener.log Command line argument:             -Djava.io.tmpdir=C:\Users\nigue\OneDrive\Documentos\apache-tomcat-9.0.122\temp
03-Oct-2026 13:37:42.215 INFO [main] org.apache.catalina.core.AprLifecycleListener.lifecycleEvent Cargada la biblioteca nativa APR de Apache Tomcat [1.3.9] con la versión APR [1.7.6].
03-Oct-2026 13:37:42.215 INFO [main] org.apache.catalina.core.AprLifecycleListener.lifecycleEvent Capacidades APR: IPv6 [true], enviar fichero [true], aceptar filtros [false], aleatorio [true], UDS [true].
03-Oct-2026 13:37:42.216 INFO [main] org.apache.catalina.core.AprLifecycleListener.lifecycleEvent APR/OpenSSL configuration: useAprConnector [false], useOpenSSL [true]
03-Oct-2026 13:37:42.263 INFO [main] org.apache.catalina.core.AprLifecycleListener.initializeSSL OpenSSL inicializado correctamente [OpenSSL 3.5.8 25 Aug 2026]
03-Oct-2026 13:37:42.839 INFO [main] org.apache.coyote.AbstractProtocol.init Inicializando el manejador de protocolo ["http-nio-8080"]

03-Oct-2026 13:37:43.157 INFO [main] org.apache.catalina.startup.Catalina.load Server initialization in [1433] milliseconds
03-Oct-2026 13:37:43.280 INFO [main] org.apache.catalina.core.StandardService.startInternal Arrancando servicio [Catalina]
03-Oct-2026 13:37:43.280 INFO [main] org.apache.catalina.core.StandardEngine.startInternal Starting Servlet engine: [Apache Tomcat/9.0.122]
03-Oct-2026 13:37:43.344 INFO [main] org.apache.catalina.startup.HostConfig.deployDirectory Desplegando el directorio [C:\Users\nigue\OneDrive\Documentos\apache-tomcat-9.0.122\webapps\docs] de la aplicación web
03-Oct-2026 13:37:44.078 INFO [main] org.apache.catalina.startup.HostConfig.deployDirectory Deployment of web application directory [C:\Users\nigue\OneDrive\Documentos\apache-tomcat-9.0.122\webapps\docs] has finished in [721] ms
03-Oct-2026 13:37:44.080 INFO [main] org.apache.catalina.startup.HostConfig.deployDirectory Desplegando el directorio [C:\Users\nigue\OneDrive\Documentos\apache-tomcat-9.0.122\webapps\examples] de la aplicación web
03-Oct-2026 13:37:45.457 INFO [main] org.apache.catalina.startup.HostConfig.deployDirectory Deployment of web application directory [C:\Users\nigue\OneDrive\Documentos\apache-tomcat-9.0.122\webapps\examples] has finished in [1.378] ms
03-Oct-2026 13:37:45.459 INFO [main] org.apache.catalina.startup.HostConfig.deployDirectory Desplegando el directorio [C:\Users\nigue\OneDrive\Documentos\apache-tomcat-9.0.122\webapps\host-manager] de la aplicación web
03-Oct-2026 13:37:45.648 INFO [main] org.apache.catalina.startup.HostConfig.deployDirectory Deployment of web application directory [C:\Users\nigue\OneDrive\Documentos\apache-tomcat-9.0.122\webapps\host-manager] has finished in [189] ms
03-Oct-2026 13:37:45.648 INFO [main] org.apache.catalina.startup.HostConfig.deployDirectory Desplegando el directorio [C:\Users\nigue\OneDrive\Documentos\apache-tomcat-9.0.122\webapps\manager] de la aplicación web
03-Oct-2026 13:37:45.782 INFO [main] org.apache.catalina.startup.HostConfig.deployDirectory Deployment of web application directory [C:\Users\nigue\OneDrive\Documentos\apache-tomcat-9.0.122\webapps\manager] has finished in [133] ms
03-Oct-2026 13:37:45.784 INFO [main] org.apache.catalina.startup.HostConfig.deployDirectory Desplegando el directorio [C:\Users\nigue\OneDrive\Documentos\apache-tomcat-9.0.122\webapps\ROOT] de la aplicación web
03-Oct-2026 13:37:45.893 INFO [main] org.apache.catalina.startup.HostConfig.deployDirectory Deployment of web application directory [C:\Users\nigue\OneDrive\Documentos\apache-tomcat-9.0.122\webapps\ROOT] has finished in [110] ms
03-Oct-2026 13:37:45.915 INFO [main] org.apache.coyote.AbstractProtocol.start Starting ProtocolHandler ["http-nio-8080"]
03-Oct-2026 13:37:46.033 INFO [main] org.apache.catalina.startup.Catalina.start Server startup in [2870] milliseconds
03-Oct-2026 13:37:46.982 INFO [http-nio-8080-exec-7] org.apache.catalina.startup.HostConfig.deployDescriptor Desplieque del descriptor de configuración [C:\Users\nigue\OneDrive\Documentos\apache-tomcat-9.0.122\conf\Catalina\localhost\SaludClick.xml]
03-Oct-2026 13:37:46.988 WARNING [http-nio-8080-exec-7] org.apache.catalina.startup.HostConfig.deployDescriptor The path attribute with value [/SaludClick] in deployment descriptor [C:\Users\nigue\OneDrive\Documentos\apache-tomcat-9.0.122\conf\Catalina\localhost\SaludClick.xml] has been ignored
03-Oct-2026 13:37:47.196 INFO [http-nio-8080-exec-7] org.apache.catalina.startup.HostConfig.deployDescriptor Deployment of deployment descriptor [C:\Users\nigue\OneDrive\Documentos\apache-tomcat-9.0.122\conf\Catalina\localhost\SaludClick.xml] has finished in [213] ms
03-Oct-2026 13:37:47.215 INFO [http-nio-8080-exec-9] org.apache.catalina.util.LifecycleBase.start The start() method was called on component [StandardEngine[Catalina].StandardHost[localhost].StandardContext[/SaludClick]] after start() had already been called. The second call will be ignored.
03-Oct-2026 15:01:45.963 INFO [http-nio-8080-exec-6] org.apache.catalina.core.StandardContext.reload Ha comenzado la recarga de Contexto [/SaludClick]
03-Oct-2026 15:01:48.842 INFO [http-nio-8080-exec-6] org.apache.jasper.servlet.TldScanner.scanJars Al menos un JAR, que se ha explorado buscando TLDs, aún no contenía TLDs. Activar historial de depuración para este historiador para una completa lista de los JARs que fueron explorados y de los que nos se halló TLDs. Saltarse JARs no necesarios durante la exploración puede dar lugar a una mejora de tiempo significativa en el arranque y compilación de JSP .
03-Oct-2026 15:01:48.853 INFO [http-nio-8080-exec-6] org.apache.catalina.core.StandardContext.reload Se ha completado la recarga de este Contexto
03-Oct-2026 15:04:29.697 INFO [http-nio-8080-exec-11] org.apache.catalina.core.StandardContext.reload Ha comenzado la recarga de Contexto [/SaludClick]
03-Oct-2026 15:04:31.909 INFO [http-nio-8080-exec-11] org.apache.jasper.servlet.TldScanner.scanJars Al menos un JAR, que se ha explorado buscando TLDs, aún no contenía TLDs. Activar historial de depuración para este historiador para una completa lista de los JARs que fueron explorados y de los que nos se halló TLDs. Saltarse JARs no necesarios durante la exploración puede dar lugar a una mejora de tiempo significativa en el arranque y compilación de JSP .
03-Oct-2026 15:04:31.972 INFO [http-nio-8080-exec-11] org.apache.catalina.core.StandardContext.reload Se ha completado la recarga de este Contexto
03-Oct-2026 15:04:32.355 INFO [http-nio-8080-exec-5] org.apache.catalina.core.StandardContext.reload Ha comenzado la recarga de Contexto [/SaludClick]
03-Oct-2026 15:04:33.340 INFO [http-nio-8080-exec-5] org.apache.jasper.servlet.TldScanner.scanJars Al menos un JAR, que se ha explorado buscando TLDs, aún no contenía TLDs. Activar historial de depuración para este historiador para una completa lista de los JARs que fueron explorados y de los que nos se halló TLDs. Saltarse JARs no necesarios durante la exploración puede dar lugar a una mejora de tiempo significativa en el arranque y compilación de JSP .
03-Oct-2026 15:04:33.346 INFO [http-nio-8080-exec-5] org.apache.catalina.core.StandardContext.reload Se ha completado la recarga de este Contexto
03-Oct-2026 15:04:45.770 INFO [http-nio-8080-exec-17] org.apache.catalina.core.StandardContext.reload Ha comenzado la recarga de Contexto [/SaludClick]
03-Oct-2026 15:04:47.547 INFO [http-nio-8080-exec-17] org.apache.jasper.servlet.TldScanner.scanJars Al menos un JAR, que se ha explorado buscando TLDs, aún no contenía TLDs. Activar historial de depuración para este historiador para una completa lista de los JARs que fueron explorados y de los que nos se halló TLDs. Saltarse JARs no necesarios durante la exploración puede dar lugar a una mejora de tiempo significativa en el arranque y compilación de JSP .
03-Oct-2026 15:04:47.594 INFO [http-nio-8080-exec-17] org.apache.catalina.core.StandardContext.reload Se ha completado la recarga de este Contexto
03-Oct-2026 15:04:48.617 INFO [http-nio-8080-exec-20] org.apache.catalina.core.StandardContext.reload Ha comenzado la recarga de Contexto [/SaludClick]
03-Oct-2026 15:04:49.785 INFO [http-nio-8080-exec-20] org.apache.jasper.servlet.TldScanner.scanJars Al menos un JAR, que se ha explorado buscando TLDs, aún no contenía TLDs. Activar historial de depuración para este historiador para una completa lista de los JARs que fueron explorados y de los que nos se halló TLDs. Saltarse JARs no necesarios durante la exploración puede dar lugar a una mejora de tiempo significativa en el arranque y compilación de JSP .
03-Oct-2026 15:04:49.793 INFO [http-nio-8080-exec-20] org.apache.catalina.core.StandardContext.reload Se ha completado la recarga de este Contexto
03-Oct-2026 15:05:39.843 INFO [http-nio-8080-exec-12] org.apache.catalina.core.StandardContext.reload Ha comenzado la recarga de Contexto [/SaludClick]
03-Oct-2026 15:05:41.128 INFO [http-nio-8080-exec-12] org.apache.jasper.servlet.TldScanner.scanJars Al menos un JAR, que se ha explorado buscando TLDs, aún no contenía TLDs. Activar historial de depuración para este historiador para una completa lista de los JARs que fueron explorados y de los que nos se halló TLDs. Saltarse JARs no necesarios durante la exploración puede dar lugar a una mejora de tiempo significativa en el arranque y compilación de JSP .
03-Oct-2026 15:05:41.141 INFO [http-nio-8080-exec-12] org.apache.catalina.core.StandardContext.reload Se ha completado la recarga de este Contexto
03-Oct-2026 15:05:46.512 INFO [http-nio-8080-exec-17] org.apache.catalina.core.StandardContext.reload Ha comenzado la recarga de Contexto [/SaludClick]
03-Oct-2026 15:05:47.513 INFO [http-nio-8080-exec-17] org.apache.jasper.servlet.TldScanner.scanJars Al menos un JAR, que se ha explorado buscando TLDs, aún no contenía TLDs. Activar historial de depuración para este historiador para una completa lista de los JARs que fueron explorados y de los que nos se halló TLDs. Saltarse JARs no necesarios durante la exploración puede dar lugar a una mejora de tiempo significativa en el arranque y compilación de JSP .
03-Oct-2026 15:05:47.535 INFO [http-nio-8080-exec-17] org.apache.catalina.core.StandardContext.reload Se ha completado la recarga de este Contexto
03-Oct-2026 15:05:47.929 INFO [http-nio-8080-exec-15] org.apache.catalina.core.StandardContext.reload Ha comenzado la recarga de Contexto [/SaludClick]
03-Oct-2026 15:05:48.912 INFO [http-nio-8080-exec-15] org.apache.jasper.servlet.TldScanner.scanJars Al menos un JAR, que se ha explorado buscando TLDs, aún no contenía TLDs. Activar historial de depuración para este historiador para una completa lista de los JARs que fueron explorados y de los que nos se halló TLDs. Saltarse JARs no necesarios durante la exploración puede dar lugar a una mejora de tiempo significativa en el arranque y compilación de JSP .
03-Oct-2026 15:05:48.925 INFO [http-nio-8080-exec-15] org.apache.catalina.core.StandardContext.reload Se ha completado la recarga de este Contexto
03-Oct-2026 15:06:00.623 INFO [http-nio-8080-exec-13] org.apache.catalina.core.StandardContext.reload Ha comenzado la recarga de Contexto [/SaludClick]
03-Oct-2026 15:06:01.662 INFO [http-nio-8080-exec-13] org.apache.jasper.servlet.TldScanner.scanJars Al menos un JAR, que se ha explorado buscando TLDs, aún no contenía TLDs. Activar historial de depuración para este historiador para una completa lista de los JARs que fueron explorados y de los que nos se halló TLDs. Saltarse JARs no necesarios durante la exploración puede dar lugar a una mejora de tiempo significativa en el arranque y compilación de JSP .
03-Oct-2026 15:06:01.675 INFO [http-nio-8080-exec-13] org.apache.catalina.core.StandardContext.reload Se ha completado la recarga de este Contexto
03-Oct-2026 15:06:32.053 INFO [http-nio-8080-exec-9] org.apache.catalina.core.StandardContext.reload Ha comenzado la recarga de Contexto [/SaludClick]
03-Oct-2026 15:06:32.836 INFO [http-nio-8080-exec-9] org.apache.jasper.servlet.TldScanner.scanJars Al menos un JAR, que se ha explorado buscando TLDs, aún no contenía TLDs. Activar historial de depuración para este historiador para una completa lista de los JARs que fueron explorados y de los que nos se halló TLDs. Saltarse JARs no necesarios durante la exploración puede dar lugar a una mejora de tiempo significativa en el arranque y compilación de JSP .
03-Oct-2026 15:06:32.844 INFO [http-nio-8080-exec-9] org.apache.catalina.core.StandardContext.reload Se ha completado la recarga de este Contexto
03-Oct-2026 15:08:01.931 INFO [http-nio-8080-exec-19] org.apache.catalina.core.StandardContext.reload Ha comenzado la recarga de Contexto [/SaludClick]
03-Oct-2026 15:08:03.125 INFO [http-nio-8080-exec-19] org.apache.jasper.servlet.TldScanner.scanJars Al menos un JAR, que se ha explorado buscando TLDs, aún no contenía TLDs. Activar historial de depuración para este historiador para una completa lista de los JARs que fueron explorados y de los que nos se halló TLDs. Saltarse JARs no necesarios durante la exploración puede dar lugar a una mejora de tiempo significativa en el arranque y compilación de JSP .
03-Oct-2026 15:08:03.142 INFO [http-nio-8080-exec-19] org.apache.catalina.core.StandardContext.reload Se ha completado la recarga de este Contexto
03-Oct-2026 15:08:53.067 INFO [http-nio-8080-exec-26] org.apache.catalina.core.StandardContext.reload Ha comenzado la recarga de Contexto [/SaludClick]
03-Oct-2026 15:08:54.025 INFO [http-nio-8080-exec-26] org.apache.jasper.servlet.TldScanner.scanJars Al menos un JAR, que se ha explorado buscando TLDs, aún no contenía TLDs. Activar historial de depuración para este historiador para una completa lista de los JARs que fueron explorados y de los que nos se halló TLDs. Saltarse JARs no necesarios durante la exploración puede dar lugar a una mejora de tiempo significativa en el arranque y compilación de JSP .
03-Oct-2026 15:08:54.037 INFO [http-nio-8080-exec-26] org.apache.catalina.core.StandardContext.reload Se ha completado la recarga de este Contexto
03-Oct-2026 15:09:06.203 INFO [http-nio-8080-exec-13] org.apache.catalina.core.StandardContext.reload Ha comenzado la recarga de Contexto [/SaludClick]
03-Oct-2026 15:09:07.098 INFO [http-nio-8080-exec-13] org.apache.jasper.servlet.TldScanner.scanJars Al menos un JAR, que se ha explorado buscando TLDs, aún no contenía TLDs. Activar historial de depuración para este historiador para una completa lista de los JARs que fueron explorados y de los que nos se halló TLDs. Saltarse JARs no necesarios durante la exploración puede dar lugar a una mejora de tiempo significativa en el arranque y compilación de JSP .
03-Oct-2026 15:09:07.105 INFO [http-nio-8080-exec-13] org.apache.catalina.core.StandardContext.reload Se ha completado la recarga de este Contexto
03-Oct-2026 15:09:07.472 INFO [http-nio-8080-exec-36] org.apache.catalina.core.StandardContext.reload Ha comenzado la recarga de Contexto [/SaludClick]
03-Oct-2026 15:09:08.396 INFO [http-nio-8080-exec-36] org.apache.jasper.servlet.TldScanner.scanJars Al menos un JAR, que se ha explorado buscando TLDs, aún no contenía TLDs. Activar historial de depuración para este historiador para una completa lista de los JARs que fueron explorados y de los que nos se halló TLDs. Saltarse JARs no necesarios durante la exploración puede dar lugar a una mejora de tiempo significativa en el arranque y compilación de JSP .
03-Oct-2026 15:09:08.403 INFO [http-nio-8080-exec-36] org.apache.catalina.core.StandardContext.reload Se ha completado la recarga de este Contexto
03-Oct-2026 15:09:28.938 INFO [http-nio-8080-exec-35] org.apache.catalina.core.StandardContext.reload Ha comenzado la recarga de Contexto [/SaludClick]
03-Oct-2026 15:09:30.068 INFO [http-nio-8080-exec-35] org.apache.jasper.servlet.TldScanner.scanJars Al menos un JAR, que se ha explorado buscando TLDs, aún no contenía TLDs. Activar historial de depuración para este historiador para una completa lista de los JARs que fueron explorados y de los que nos se halló TLDs. Saltarse JARs no necesarios durante la exploración puede dar lugar a una mejora de tiempo significativa en el arranque y compilación de JSP .
03-Oct-2026 15:09:30.076 INFO [http-nio-8080-exec-35] org.apache.catalina.core.StandardContext.reload Se ha completado la recarga de este Contexto
03-Oct-2026 15:10:27.343 INFO [http-nio-8080-exec-22] org.apache.catalina.core.StandardContext.reload Ha comenzado la recarga de Contexto [/SaludClick]
03-Oct-2026 15:10:28.065 INFO [http-nio-8080-exec-22] org.apache.jasper.servlet.TldScanner.scanJars Al menos un JAR, que se ha explorado buscando TLDs, aún no contenía TLDs. Activar historial de depuración para este historiador para una completa lista de los JARs que fueron explorados y de los que nos se halló TLDs. Saltarse JARs no necesarios durante la exploración puede dar lugar a una mejora de tiempo significativa en el arranque y compilación de JSP .
03-Oct-2026 15:10:28.072 INFO [http-nio-8080-exec-22] org.apache.catalina.core.StandardContext.reload Se ha completado la recarga de este Contexto
03-Oct-2026 15:13:11.955 INFO [http-nio-8080-exec-30] org.apache.catalina.core.StandardContext.reload Ha comenzado la recarga de Contexto [/SaludClick]
03-Oct-2026 15:13:12.945 INFO [http-nio-8080-exec-30] org.apache.jasper.servlet.TldScanner.scanJars Al menos un JAR, que se ha explorado buscando TLDs, aún no contenía TLDs. Activar historial de depuración para este historiador para una completa lista de los JARs que fueron explorados y de los que nos se halló TLDs. Saltarse JARs no necesarios durante la exploración puede dar lugar a una mejora de tiempo significativa en el arranque y compilación de JSP .
03-Oct-2026 15:13:12.957 INFO [http-nio-8080-exec-30] org.apache.catalina.core.StandardContext.reload Se ha completado la recarga de este Contexto
03-Oct-2026 15:13:52.560 INFO [http-nio-8080-exec-40] org.apache.catalina.core.StandardContext.reload Ha comenzado la recarga de Contexto [/SaludClick]
03-Oct-2026 15:13:53.663 INFO [http-nio-8080-exec-40] org.apache.jasper.servlet.TldScanner.scanJars Al menos un JAR, que se ha explorado buscando TLDs, aún no contenía TLDs. Activar historial de depuración para este historiador para una completa lista de los JARs que fueron explorados y de los que nos se halló TLDs. Saltarse JARs no necesarios durante la exploración puede dar lugar a una mejora de tiempo significativa en el arranque y compilación de JSP .
03-Oct-2026 15:13:53.672 INFO [http-nio-8080-exec-40] org.apache.catalina.core.StandardContext.reload Se ha completado la recarga de este Contexto
03-Oct-2026 15:13:55.100 INFO [http-nio-8080-exec-46] org.apache.catalina.core.StandardContext.reload Ha comenzado la recarga de Contexto [/SaludClick]
03-Oct-2026 15:13:55.911 INFO [http-nio-8080-exec-46] org.apache.jasper.servlet.TldScanner.scanJars Al menos un JAR, que se ha explorado buscando TLDs, aún no contenía TLDs. Activar historial de depuración para este historiador para una completa lista de los JARs que fueron explorados y de los que nos se halló TLDs. Saltarse JARs no necesarios durante la exploración puede dar lugar a una mejora de tiempo significativa en el arranque y compilación de JSP .
03-Oct-2026 15:13:55.917 INFO [http-nio-8080-exec-46] org.apache.catalina.core.StandardContext.reload Se ha completado la recarga de este Contexto
03-Oct-2026 15:17:21.920 INFO [http-nio-8080-exec-47] org.apache.catalina.core.StandardContext.reload Ha comenzado la recarga de Contexto [/SaludClick]
03-Oct-2026 15:17:23.167 INFO [http-nio-8080-exec-47] org.apache.jasper.servlet.TldScanner.scanJars Al menos un JAR, que se ha explorado buscando TLDs, aún no contenía TLDs. Activar historial de depuración para este historiador para una completa lista de los JARs que fueron explorados y de los que nos se halló TLDs. Saltarse JARs no necesarios durante la exploración puede dar lugar a una mejora de tiempo significativa en el arranque y compilación de JSP .
03-Oct-2026 15:17:23.173 INFO [http-nio-8080-exec-47] org.apache.catalina.core.StandardContext.reload Se ha completado la recarga de este Contexto
03-Oct-2026 15:17:23.549 INFO [http-nio-8080-exec-39] org.apache.catalina.core.StandardContext.reload Ha comenzado la recarga de Contexto [/SaludClick]
03-Oct-2026 15:17:24.911 INFO [http-nio-8080-exec-39] org.apache.jasper.servlet.TldScanner.scanJars Al menos un JAR, que se ha explorado buscando TLDs, aún no contenía TLDs. Activar historial de depuración para este historiador para una completa lista de los JARs que fueron explorados y de los que nos se halló TLDs. Saltarse JARs no necesarios durante la exploración puede dar lugar a una mejora de tiempo significativa en el arranque y compilación de JSP .
03-Oct-2026 15:17:24.921 INFO [http-nio-8080-exec-39] org.apache.catalina.core.StandardContext.reload Se ha completado la recarga de este Contexto
03-Oct-2026 15:22:50.601 INFO [http-nio-8080-exec-57] org.apache.catalina.core.StandardContext.reload Ha comenzado la recarga de Contexto [/SaludClick]
03-Oct-2026 15:22:51.986 INFO [http-nio-8080-exec-57] org.apache.jasper.servlet.TldScanner.scanJars Al menos un JAR, que se ha explorado buscando TLDs, aún no contenía TLDs. Activar historial de depuración para este historiador para una completa lista de los JARs que fueron explorados y de los que nos se halló TLDs. Saltarse JARs no necesarios durante la exploración puede dar lugar a una mejora de tiempo significativa en el arranque y compilación de JSP .
03-Oct-2026 15:22:51.997 INFO [http-nio-8080-exec-57] org.apache.catalina.core.StandardContext.reload Se ha completado la recarga de este Contexto
03-Oct-2026 15:24:05.783 INFO [http-nio-8080-exec-50] org.apache.catalina.core.StandardContext.reload Ha comenzado la recarga de Contexto [/SaludClick]
03-Oct-2026 15:24:06.610 INFO [http-nio-8080-exec-50] org.apache.jasper.servlet.TldScanner.scanJars Al menos un JAR, que se ha explorado buscando TLDs, aún no contenía TLDs. Activar historial de depuración para este historiador para una completa lista de los JARs que fueron explorados y de los que nos se halló TLDs. Saltarse JARs no necesarios durante la exploración puede dar lugar a una mejora de tiempo significativa en el arranque y compilación de JSP .
03-Oct-2026 15:24:06.616 INFO [http-nio-8080-exec-50] org.apache.catalina.core.StandardContext.reload Se ha completado la recarga de este Contexto
03-Oct-2026 15:25:28.092 INFO [http-nio-8080-exec-64] org.apache.catalina.core.StandardContext.reload Ha comenzado la recarga de Contexto [/SaludClick]
03-Oct-2026 15:25:28.907 INFO [http-nio-8080-exec-64] org.apache.jasper.servlet.TldScanner.scanJars Al menos un JAR, que se ha explorado buscando TLDs, aún no contenía TLDs. Activar historial de depuración para este historiador para una completa lista de los JARs que fueron explorados y de los que nos se halló TLDs. Saltarse JARs no necesarios durante la exploración puede dar lugar a una mejora de tiempo significativa en el arranque y compilación de JSP .
03-Oct-2026 15:25:28.931 INFO [http-nio-8080-exec-64] org.apache.catalina.core.StandardContext.reload Se ha completado la recarga de este Contexto
03-Oct-2026 15:28:59.875 INFO [http-nio-8080-exec-69] org.apache.catalina.core.StandardContext.reload Ha comenzado la recarga de Contexto [/SaludClick]
03-Oct-2026 15:29:00.945 INFO [http-nio-8080-exec-69] org.apache.jasper.servlet.TldScanner.scanJars Al menos un JAR, que se ha explorado buscando TLDs, aún no contenía TLDs. Activar historial de depuración para este historiador para una completa lista de los JARs que fueron explorados y de los que nos se halló TLDs. Saltarse JARs no necesarios durante la exploración puede dar lugar a una mejora de tiempo significativa en el arranque y compilación de JSP .
03-Oct-2026 15:29:00.952 INFO [http-nio-8080-exec-69] org.apache.catalina.core.StandardContext.reload Se ha completado la recarga de este Contexto
03-Oct-2026 15:31:22.327 INFO [http-nio-8080-exec-65] org.apache.catalina.core.StandardContext.reload Ha comenzado la recarga de Contexto [/SaludClick]
03-Oct-2026 15:31:23.693 INFO [http-nio-8080-exec-65] org.apache.jasper.servlet.TldScanner.scanJars Al menos un JAR, que se ha explorado buscando TLDs, aún no contenía TLDs. Activar historial de depuración para este historiador para una completa lista de los JARs que fueron explorados y de los que nos se halló TLDs. Saltarse JARs no necesarios durante la exploración puede dar lugar a una mejora de tiempo significativa en el arranque y compilación de JSP .
03-Oct-2026 15:31:23.795 INFO [http-nio-8080-exec-65] org.apache.catalina.core.StandardContext.reload Se ha completado la recarga de este Contexto
03-Oct-2026 15:35:34.501 INFO [main] org.apache.catalina.core.StandardServer.await Se ha recibido un comando de apagado a través del puerto de apagado. Parando la instancia del Servidor.
03-Oct-2026 15:35:34.554 INFO [main] org.apache.coyote.AbstractProtocol.pause Pausing ProtocolHandler ["http-nio-8080"]
03-Oct-2026 15:35:34.609 INFO [main] org.apache.catalina.core.StandardService.stopInternal Parando servicio [Catalina]
03-Oct-2026 15:35:34.706 INFO [main] org.apache.coyote.AbstractProtocol.stop Stopping ProtocolHandler ["http-nio-8080"]
03-Oct-2026 15:35:34.737 INFO [main] org.apache.coyote.AbstractProtocol.destroy Destroying ProtocolHandler ["http-nio-8080"]
03-Oct-2026 15:45:49.401 INFO [main] org.apache.catalina.startup.VersionLoggerListener.log Nombre de la versión del servidor: Apache Tomcat/9.0.122
03-Oct-2026 15:45:49.409 INFO [main] org.apache.catalina.startup.VersionLoggerListener.log Server built:                      Sep 10 2026 06:55:33 UTC
03-Oct-2026 15:45:49.410 INFO [main] org.apache.catalina.startup.VersionLoggerListener.log Número de versión de servidor:     9.0.122.0
03-Oct-2026 15:45:49.410 INFO [main] org.apache.catalina.startup.VersionLoggerListener.log OS Name:                           Windows 11
03-Oct-2026 15:45:49.411 INFO [main] org.apache.catalina.startup.VersionLoggerListener.log Versión de Systema Operativo:      10.0
03-Oct-2026 15:45:49.411 INFO [main] org.apache.catalina.startup.VersionLoggerListener.log Arquitectura:                      amd64
03-Oct-2026 15:45:49.411 INFO [main] org.apache.catalina.startup.VersionLoggerListener.log Java Home:                         C:\Program Files\Java\jdk-26
03-Oct-2026 15:45:49.411 INFO [main] org.apache.catalina.startup.VersionLoggerListener.log JVM Version:                       26+35-2893
03-Oct-2026 15:45:49.411 INFO [main] org.apache.catalina.startup.VersionLoggerListener.log Vededor JVM:                       Oracle Corporation
03-Oct-2026 15:45:49.412 INFO [main] org.apache.catalina.startup.VersionLoggerListener.log CATALINA_BASE:                     C:\Users\nigue\OneDrive\Documentos\apache-tomcat-9.0.122
03-Oct-2026 15:45:49.412 INFO [main] org.apache.catalina.startup.VersionLoggerListener.log CATALINA_HOME:                     C:\Users\nigue\OneDrive\Documentos\apache-tomcat-9.0.122
03-Oct-2026 15:45:49.459 INFO [main] org.apache.catalina.startup.VersionLoggerListener.log Command line argument:             --add-opens=java.base/java.lang=ALL-UNNAMED
03-Oct-2026 15:45:49.460 INFO [main] org.apache.catalina.startup.VersionLoggerListener.log Command line argument:             --add-opens=java.base/java.lang.invoke=ALL-UNNAMED
03-Oct-2026 15:45:49.460 INFO [main] org.apache.catalina.startup.VersionLoggerListener.log Command line argument:             --add-opens=java.base/java.lang.reflect=ALL-UNNAMED
03-Oct-2026 15:45:49.460 INFO [main] org.apache.catalina.startup.VersionLoggerListener.log Command line argument:             --add-opens=java.base/java.io=ALL-UNNAMED
03-Oct-2026 15:45:49.461 INFO [main] org.apache.catalina.startup.VersionLoggerListener.log Command line argument:             --add-opens=java.base/java.util=ALL-UNNAMED
03-Oct-2026 15:45:49.461 INFO [main] org.apache.catalina.startup.VersionLoggerListener.log Command line argument:             --add-opens=java.base/java.util.concurrent=ALL-UNNAMED
03-Oct-2026 15:45:49.461 INFO [main] org.apache.catalina.startup.VersionLoggerListener.log Command line argument:             --add-opens=java.rmi/sun.rmi.transport=ALL-UNNAMED
03-Oct-2026 15:45:49.461 INFO [main] org.apache.catalina.startup.VersionLoggerListener.log Command line argument:             -Djava.util.logging.config.file=C:\Users\nigue\OneDrive\Documentos\apache-tomcat-9.0.122\conf\logging.properties
03-Oct-2026 15:45:49.461 INFO [main] org.apache.catalina.startup.VersionLoggerListener.log Command line argument:             -Djava.util.logging.manager=org.apache.juli.ClassLoaderLogManager
03-Oct-2026 15:45:49.462 INFO [main] org.apache.catalina.startup.VersionLoggerListener.log Command line argument:             -Djdk.tls.ephemeralDHKeySize=2048
03-Oct-2026 15:45:49.462 INFO [main] org.apache.catalina.startup.VersionLoggerListener.log Command line argument:             -Djava.protocol.handler.pkgs=org.apache.catalina.webresources
03-Oct-2026 15:45:49.462 INFO [main] org.apache.catalina.startup.VersionLoggerListener.log Command line argument:             -Dsun.io.useCanonCaches=false
03-Oct-2026 15:45:49.462 INFO [main] org.apache.catalina.startup.VersionLoggerListener.log Command line argument:             -Dignore.endorsed.dirs=
03-Oct-2026 15:45:49.462 INFO [main] org.apache.catalina.startup.VersionLoggerListener.log Command line argument:             -Dcatalina.base=C:\Users\nigue\OneDrive\Documentos\apache-tomcat-9.0.122
03-Oct-2026 15:45:49.540 INFO [main] org.apache.catalina.startup.VersionLoggerListener.log Command line argument:             -Dcatalina.home=C:\Users\nigue\OneDrive\Documentos\apache-tomcat-9.0.122
03-Oct-2026 15:45:49.541 INFO [main] org.apache.catalina.startup.VersionLoggerListener.log Command line argument:             -Djava.io.tmpdir=C:\Users\nigue\OneDrive\Documentos\apache-tomcat-9.0.122\temp
03-Oct-2026 15:45:49.567 INFO [main] org.apache.catalina.core.AprLifecycleListener.lifecycleEvent Cargada la biblioteca nativa APR de Apache Tomcat [1.3.9] con la versión APR [1.7.6].
03-Oct-2026 15:45:49.567 INFO [main] org.apache.catalina.core.AprLifecycleListener.lifecycleEvent Capacidades APR: IPv6 [true], enviar fichero [true], aceptar filtros [false], aleatorio [true], UDS [true].
03-Oct-2026 15:45:49.567 INFO [main] org.apache.catalina.core.AprLifecycleListener.lifecycleEvent APR/OpenSSL configuration: useAprConnector [false], useOpenSSL [true]
03-Oct-2026 15:45:49.641 INFO [main] org.apache.catalina.core.AprLifecycleListener.initializeSSL OpenSSL inicializado correctamente [OpenSSL 3.5.8 25 Aug 2026]
03-Oct-2026 15:45:50.770 INFO [main] org.apache.coyote.AbstractProtocol.init Inicializando el manejador de protocolo ["http-nio-8080"]

03-Oct-2026 15:45:50.857 INFO [main] org.apache.catalina.startup.Catalina.load Server initialization in [2142] milliseconds
03-Oct-2026 15:45:51.123 INFO [main] org.apache.catalina.core.StandardService.startInternal Arrancando servicio [Catalina]
03-Oct-2026 15:45:51.125 INFO [main] org.apache.catalina.core.StandardEngine.startInternal Starting Servlet engine: [Apache Tomcat/9.0.122]
03-Oct-2026 15:45:51.213 INFO [main] org.apache.catalina.startup.HostConfig.deployDescriptor Desplieque del descriptor de configuración [C:\Users\nigue\OneDrive\Documentos\apache-tomcat-9.0.122\conf\Catalina\localhost\SaludClick.xml]
03-Oct-2026 15:45:51.284 WARNING [main] org.apache.catalina.startup.HostConfig.deployDescriptor The path attribute with value [/SaludClick] in deployment descriptor [C:\Users\nigue\OneDrive\Documentos\apache-tomcat-9.0.122\conf\Catalina\localhost\SaludClick.xml] has been ignored
03-Oct-2026 15:45:53.123 INFO [main] org.apache.jasper.servlet.TldScanner.scanJars Al menos un JAR, que se ha explorado buscando TLDs, aún no contenía TLDs. Activar historial de depuración para este historiador para una completa lista de los JARs que fueron explorados y de los que nos se halló TLDs. Saltarse JARs no necesarios durante la exploración puede dar lugar a una mejora de tiempo significativa en el arranque y compilación de JSP .
03-Oct-2026 15:45:53.324 INFO [main] org.apache.catalina.startup.HostConfig.deployDescriptor Deployment of deployment descriptor [C:\Users\nigue\OneDrive\Documentos\apache-tomcat-9.0.122\conf\Catalina\localhost\SaludClick.xml] has finished in [2.095] ms
03-Oct-2026 15:45:53.328 INFO [main] org.apache.catalina.startup.HostConfig.deployDirectory Desplegando el directorio [C:\Users\nigue\OneDrive\Documentos\apache-tomcat-9.0.122\webapps\docs] de la aplicación web
03-Oct-2026 15:45:53.494 INFO [main] org.apache.catalina.startup.HostConfig.deployDirectory Deployment of web application directory [C:\Users\nigue\OneDrive\Documentos\apache-tomcat-9.0.122\webapps\docs] has finished in [164] ms
03-Oct-2026 15:45:53.495 INFO [main] org.apache.catalina.startup.HostConfig.deployDirectory Desplegando el directorio [C:\Users\nigue\OneDrive\Documentos\apache-tomcat-9.0.122\webapps\examples] de la aplicación web
03-Oct-2026 15:45:54.927 INFO [main] org.apache.catalina.startup.HostConfig.deployDirectory Deployment of web application directory [C:\Users\nigue\OneDrive\Documentos\apache-tomcat-9.0.122\webapps\examples] has finished in [1.432] ms
03-Oct-2026 15:45:54.929 INFO [main] org.apache.catalina.startup.HostConfig.deployDirectory Desplegando el directorio [C:\Users\nigue\OneDrive\Documentos\apache-tomcat-9.0.122\webapps\host-manager] de la aplicación web
03-Oct-2026 15:45:55.073 INFO [main] org.apache.catalina.startup.HostConfig.deployDirectory Deployment of web application directory [C:\Users\nigue\OneDrive\Documentos\apache-tomcat-9.0.122\webapps\host-manager] has finished in [144] ms
03-Oct-2026 15:45:55.074 INFO [main] org.apache.catalina.startup.HostConfig.deployDirectory Desplegando el directorio [C:\Users\nigue\OneDrive\Documentos\apache-tomcat-9.0.122\webapps\manager] de la aplicación web
03-Oct-2026 15:45:55.211 INFO [main] org.apache.catalina.startup.HostConfig.deployDirectory Deployment of web application directory [C:\Users\nigue\OneDrive\Documentos\apache-tomcat-9.0.122\webapps\manager] has finished in [137] ms
03-Oct-2026 15:45:55.212 INFO [main] org.apache.catalina.startup.HostConfig.deployDirectory Desplegando el directorio [C:\Users\nigue\OneDrive\Documentos\apache-tomcat-9.0.122\webapps\ROOT] de la aplicación web
03-Oct-2026 15:45:55.298 INFO [main] org.apache.catalina.startup.HostConfig.deployDirectory Deployment of web application directory [C:\Users\nigue\OneDrive\Documentos\apache-tomcat-9.0.122\webapps\ROOT] has finished in [86] ms
03-Oct-2026 15:45:55.308 INFO [main] org.apache.coyote.AbstractProtocol.start Starting ProtocolHandler ["http-nio-8080"]
03-Oct-2026 15:45:55.409 INFO [main] org.apache.catalina.startup.Catalina.start Server startup in [4545] milliseconds
03-Oct-2026 16:20:00.260 INFO [http-nio-8080-exec-3] org.apache.catalina.startup.HostConfig.undeploy Repliegue (undeploy) de la aplicación web que tiene como trayectoria de contexto [/SaludClick]
03-Oct-2026 16:21:16.026 INFO [main] org.apache.catalina.core.StandardServer.await Se ha recibido un comando de apagado a través del puerto de apagado. Parando la instancia del Servidor.
03-Oct-2026 16:21:16.082 INFO [main] org.apache.coyote.AbstractProtocol.pause Pausing ProtocolHandler ["http-nio-8080"]
03-Oct-2026 16:21:16.212 INFO [main] org.apache.catalina.core.StandardService.stopInternal Parando servicio [Catalina]
03-Oct-2026 16:21:16.398 INFO [main] org.apache.coyote.AbstractProtocol.stop Stopping ProtocolHandler ["http-nio-8080"]
03-Oct-2026 16:21:16.431 INFO [main] org.apache.coyote.AbstractProtocol.destroy Destroying ProtocolHandler ["http-nio-8080"]
03-Oct-2026 16:26:21.763 INFO [main] org.apache.catalina.startup.VersionLoggerListener.log Nombre de la versión del servidor: Apache Tomcat/9.0.122
03-Oct-2026 16:26:21.772 INFO [main] org.apache.catalina.startup.VersionLoggerListener.log Server built:                      Sep 10 2026 06:55:33 UTC
03-Oct-2026 16:26:21.773 INFO [main] org.apache.catalina.startup.VersionLoggerListener.log Número de versión de servidor:     9.0.122.0
03-Oct-2026 16:26:21.773 INFO [main] org.apache.catalina.startup.VersionLoggerListener.log OS Name:                           Windows 11
03-Oct-2026 16:26:21.774 INFO [main] org.apache.catalina.startup.VersionLoggerListener.log Versión de Systema Operativo:      10.0
03-Oct-2026 16:26:21.775 INFO [main] org.apache.catalina.startup.VersionLoggerListener.log Arquitectura:                      amd64
03-Oct-2026 16:26:21.775 INFO [main] org.apache.catalina.startup.VersionLoggerListener.log Java Home:                         C:\Program Files\Java\jdk-26
03-Oct-2026 16:26:21.775 INFO [main] org.apache.catalina.startup.VersionLoggerListener.log JVM Version:                       26+35-2893
03-Oct-2026 16:26:21.776 INFO [main] org.apache.catalina.startup.VersionLoggerListener.log Vededor JVM:                       Oracle Corporation
03-Oct-2026 16:26:21.776 INFO [main] org.apache.catalina.startup.VersionLoggerListener.log CATALINA_BASE:                     C:\Users\nigue\OneDrive\Documentos\apache-tomcat-9.0.122
03-Oct-2026 16:26:21.777 INFO [main] org.apache.catalina.startup.VersionLoggerListener.log CATALINA_HOME:                     C:\Users\nigue\OneDrive\Documentos\apache-tomcat-9.0.122
03-Oct-2026 16:26:21.814 INFO [main] org.apache.catalina.startup.VersionLoggerListener.log Command line argument:             --add-opens=java.base/java.lang=ALL-UNNAMED
03-Oct-2026 16:26:21.815 INFO [main] org.apache.catalina.startup.VersionLoggerListener.log Command line argument:             --add-opens=java.base/java.lang.invoke=ALL-UNNAMED
03-Oct-2026 16:26:21.815 INFO [main] org.apache.catalina.startup.VersionLoggerListener.log Command line argument:             --add-opens=java.base/java.lang.reflect=ALL-UNNAMED
03-Oct-2026 16:26:21.815 INFO [main] org.apache.catalina.startup.VersionLoggerListener.log Command line argument:             --add-opens=java.base/java.io=ALL-UNNAMED
03-Oct-2026 16:26:21.815 INFO [main] org.apache.catalina.startup.VersionLoggerListener.log Command line argument:             --add-opens=java.base/java.util=ALL-UNNAMED
03-Oct-2026 16:26:21.815 INFO [main] org.apache.catalina.startup.VersionLoggerListener.log Command line argument:             --add-opens=java.base/java.util.concurrent=ALL-UNNAMED
03-Oct-2026 16:26:21.816 INFO [main] org.apache.catalina.startup.VersionLoggerListener.log Command line argument:             --add-opens=java.rmi/sun.rmi.transport=ALL-UNNAMED
03-Oct-2026 16:26:21.816 INFO [main] org.apache.catalina.startup.VersionLoggerListener.log Command line argument:             -Djava.util.logging.config.file=C:\Users\nigue\OneDrive\Documentos\apache-tomcat-9.0.122\conf\logging.properties
03-Oct-2026 16:26:21.816 INFO [main] org.apache.catalina.startup.VersionLoggerListener.log Command line argument:             -Djava.util.logging.manager=org.apache.juli.ClassLoaderLogManager
03-Oct-2026 16:26:21.816 INFO [main] org.apache.catalina.startup.VersionLoggerListener.log Command line argument:             -Djdk.tls.ephemeralDHKeySize=2048
03-Oct-2026 16:26:21.816 INFO [main] org.apache.catalina.startup.VersionLoggerListener.log Command line argument:             -Djava.protocol.handler.pkgs=org.apache.catalina.webresources
03-Oct-2026 16:26:21.817 INFO [main] org.apache.catalina.startup.VersionLoggerListener.log Command line argument:             -Dsun.io.useCanonCaches=false
03-Oct-2026 16:26:21.817 INFO [main] org.apache.catalina.startup.VersionLoggerListener.log Command line argument:             -Dignore.endorsed.dirs=
03-Oct-2026 16:26:21.817 INFO [main] org.apache.catalina.startup.VersionLoggerListener.log Command line argument:             -Dcatalina.base=C:\Users\nigue\OneDrive\Documentos\apache-tomcat-9.0.122
03-Oct-2026 16:26:21.873 INFO [main] org.apache.catalina.startup.VersionLoggerListener.log Command line argument:             -Dcatalina.home=C:\Users\nigue\OneDrive\Documentos\apache-tomcat-9.0.122
03-Oct-2026 16:26:21.874 INFO [main] org.apache.catalina.startup.VersionLoggerListener.log Command line argument:             -Djava.io.tmpdir=C:\Users\nigue\OneDrive\Documentos\apache-tomcat-9.0.122\temp
03-Oct-2026 16:26:21.970 INFO [main] org.apache.catalina.core.AprLifecycleListener.lifecycleEvent Cargada la biblioteca nativa APR de Apache Tomcat [1.3.9] con la versión APR [1.7.6].
03-Oct-2026 16:26:21.972 INFO [main] org.apache.catalina.core.AprLifecycleListener.lifecycleEvent Capacidades APR: IPv6 [true], enviar fichero [true], aceptar filtros [false], aleatorio [true], UDS [true].
03-Oct-2026 16:26:21.976 INFO [main] org.apache.catalina.core.AprLifecycleListener.lifecycleEvent APR/OpenSSL configuration: useAprConnector [false], useOpenSSL [true]
03-Oct-2026 16:26:22.168 INFO [main] org.apache.catalina.core.AprLifecycleListener.initializeSSL OpenSSL inicializado correctamente [OpenSSL 3.5.8 25 Aug 2026]
03-Oct-2026 16:26:23.757 INFO [main] org.apache.coyote.AbstractProtocol.init Inicializando el manejador de protocolo ["http-nio-8080"]

03-Oct-2026 16:26:24.004 INFO [main] org.apache.catalina.startup.Catalina.load Server initialization in [3014] milliseconds
03-Oct-2026 16:26:24.187 INFO [main] org.apache.catalina.core.StandardService.startInternal Arrancando servicio [Catalina]
03-Oct-2026 16:26:24.187 INFO [main] org.apache.catalina.core.StandardEngine.startInternal Starting Servlet engine: [Apache Tomcat/9.0.122]
03-Oct-2026 16:26:24.213 INFO [main] org.apache.catalina.startup.HostConfig.deployDirectory Desplegando el directorio [C:\Users\nigue\OneDrive\Documentos\apache-tomcat-9.0.122\webapps\docs] de la aplicación web
03-Oct-2026 16:26:25.337 INFO [main] org.apache.catalina.startup.HostConfig.deployDirectory Deployment of web application directory [C:\Users\nigue\OneDrive\Documentos\apache-tomcat-9.0.122\webapps\docs] has finished in [1.106] ms
03-Oct-2026 16:26:25.338 INFO [main] org.apache.catalina.startup.HostConfig.deployDirectory Desplegando el directorio [C:\Users\nigue\OneDrive\Documentos\apache-tomcat-9.0.122\webapps\examples] de la aplicación web
03-Oct-2026 16:26:26.804 INFO [main] org.apache.catalina.startup.HostConfig.deployDirectory Deployment of web application directory [C:\Users\nigue\OneDrive\Documentos\apache-tomcat-9.0.122\webapps\examples] has finished in [1.465] ms
03-Oct-2026 16:26:26.806 INFO [main] org.apache.catalina.startup.HostConfig.deployDirectory Desplegando el directorio [C:\Users\nigue\OneDrive\Documentos\apache-tomcat-9.0.122\webapps\host-manager] de la aplicación web
03-Oct-2026 16:26:26.955 INFO [main] org.apache.catalina.startup.HostConfig.deployDirectory Deployment of web application directory [C:\Users\nigue\OneDrive\Documentos\apache-tomcat-9.0.122\webapps\host-manager] has finished in [149] ms
03-Oct-2026 16:26:26.956 INFO [main] org.apache.catalina.startup.HostConfig.deployDirectory Desplegando el directorio [C:\Users\nigue\OneDrive\Documentos\apache-tomcat-9.0.122\webapps\manager] de la aplicación web
03-Oct-2026 16:26:27.092 INFO [main] org.apache.catalina.startup.HostConfig.deployDirectory Deployment of web application directory [C:\Users\nigue\OneDrive\Documentos\apache-tomcat-9.0.122\webapps\manager] has finished in [135] ms
03-Oct-2026 16:26:27.094 INFO [main] org.apache.catalina.startup.HostConfig.deployDirectory Desplegando el directorio [C:\Users\nigue\OneDrive\Documentos\apache-tomcat-9.0.122\webapps\ROOT] de la aplicación web
03-Oct-2026 16:26:27.212 INFO [main] org.apache.catalina.startup.HostConfig.deployDirectory Deployment of web application directory [C:\Users\nigue\OneDrive\Documentos\apache-tomcat-9.0.122\webapps\ROOT] has finished in [117] ms
03-Oct-2026 16:26:27.231 INFO [main] org.apache.coyote.AbstractProtocol.start Starting ProtocolHandler ["http-nio-8080"]
03-Oct-2026 16:26:27.383 INFO [main] org.apache.catalina.startup.Catalina.start Server startup in [3373] milliseconds
03-Oct-2026 16:49:49.969 INFO [main] org.apache.catalina.core.StandardServer.await Se ha recibido un comando de apagado a través del puerto de apagado. Parando la instancia del Servidor.
03-Oct-2026 16:49:50.017 INFO [main] org.apache.coyote.AbstractProtocol.pause Pausing ProtocolHandler ["http-nio-8080"]
03-Oct-2026 16:49:50.093 INFO [main] org.apache.catalina.core.StandardService.stopInternal Parando servicio [Catalina]
03-Oct-2026 16:49:50.289 INFO [main] org.apache.coyote.AbstractProtocol.stop Stopping ProtocolHandler ["http-nio-8080"]
03-Oct-2026 16:49:50.322 INFO [main] org.apache.coyote.AbstractProtocol.destroy Destroying ProtocolHandler ["http-nio-8080"]
03-Oct-2026 16:49:54.671 INFO [main] org.apache.catalina.startup.VersionLoggerListener.log Nombre de la versión del servidor: Apache Tomcat/9.0.122
03-Oct-2026 16:49:54.678 INFO [main] org.apache.catalina.startup.VersionLoggerListener.log Server built:                      Sep 10 2026 06:55:33 UTC
03-Oct-2026 16:49:54.678 INFO [main] org.apache.catalina.startup.VersionLoggerListener.log Número de versión de servidor:     9.0.122.0
03-Oct-2026 16:49:54.680 INFO [main] org.apache.catalina.startup.VersionLoggerListener.log OS Name:                           Windows 11
03-Oct-2026 16:49:54.680 INFO [main] org.apache.catalina.startup.VersionLoggerListener.log Versión de Systema Operativo:      10.0
03-Oct-2026 16:49:54.680 INFO [main] org.apache.catalina.startup.VersionLoggerListener.log Arquitectura:                      amd64
03-Oct-2026 16:49:54.680 INFO [main] org.apache.catalina.startup.VersionLoggerListener.log Java Home:                         C:\Program Files\Java\jdk-26
03-Oct-2026 16:49:54.680 INFO [main] org.apache.catalina.startup.VersionLoggerListener.log JVM Version:                       26+35-2893
03-Oct-2026 16:49:54.680 INFO [main] org.apache.catalina.startup.VersionLoggerListener.log Vededor JVM:                       Oracle Corporation
03-Oct-2026 16:49:54.681 INFO [main] org.apache.catalina.startup.VersionLoggerListener.log CATALINA_BASE:                     C:\Users\nigue\OneDrive\Documentos\apache-tomcat-9.0.122
03-Oct-2026 16:49:54.681 INFO [main] org.apache.catalina.startup.VersionLoggerListener.log CATALINA_HOME:                     C:\Users\nigue\OneDrive\Documentos\apache-tomcat-9.0.122
03-Oct-2026 16:49:54.715 INFO [main] org.apache.catalina.startup.VersionLoggerListener.log Command line argument:             --add-opens=java.base/java.lang=ALL-UNNAMED
03-Oct-2026 16:49:54.715 INFO [main] org.apache.catalina.startup.VersionLoggerListener.log Command line argument:             --add-opens=java.base/java.lang.invoke=ALL-UNNAMED
03-Oct-2026 16:49:54.715 INFO [main] org.apache.catalina.startup.VersionLoggerListener.log Command line argument:             --add-opens=java.base/java.lang.reflect=ALL-UNNAMED
03-Oct-2026 16:49:54.715 INFO [main] org.apache.catalina.startup.VersionLoggerListener.log Command line argument:             --add-opens=java.base/java.io=ALL-UNNAMED
03-Oct-2026 16:49:54.716 INFO [main] org.apache.catalina.startup.VersionLoggerListener.log Command line argument:             --add-opens=java.base/java.util=ALL-UNNAMED
03-Oct-2026 16:49:54.716 INFO [main] org.apache.catalina.startup.VersionLoggerListener.log Command line argument:             --add-opens=java.base/java.util.concurrent=ALL-UNNAMED
03-Oct-2026 16:49:54.716 INFO [main] org.apache.catalina.startup.VersionLoggerListener.log Command line argument:             --add-opens=java.rmi/sun.rmi.transport=ALL-UNNAMED
03-Oct-2026 16:49:54.716 INFO [main] org.apache.catalina.startup.VersionLoggerListener.log Command line argument:             -Djava.util.logging.config.file=C:\Users\nigue\OneDrive\Documentos\apache-tomcat-9.0.122\conf\logging.properties
03-Oct-2026 16:49:54.716 INFO [main] org.apache.catalina.startup.VersionLoggerListener.log Command line argument:             -Djava.util.logging.manager=org.apache.juli.ClassLoaderLogManager
03-Oct-2026 16:49:54.717 INFO [main] org.apache.catalina.startup.VersionLoggerListener.log Command line argument:             -Djdk.tls.ephemeralDHKeySize=2048
03-Oct-2026 16:49:54.717 INFO [main] org.apache.catalina.startup.VersionLoggerListener.log Command line argument:             -Djava.protocol.handler.pkgs=org.apache.catalina.webresources
03-Oct-2026 16:49:54.717 INFO [main] org.apache.catalina.startup.VersionLoggerListener.log Command line argument:             -Dsun.io.useCanonCaches=false
03-Oct-2026 16:49:54.717 INFO [main] org.apache.catalina.startup.VersionLoggerListener.log Command line argument:             -Dignore.endorsed.dirs=
03-Oct-2026 16:49:54.717 INFO [main] org.apache.catalina.startup.VersionLoggerListener.log Command line argument:             -Dcatalina.base=C:\Users\nigue\OneDrive\Documentos\apache-tomcat-9.0.122
03-Oct-2026 16:49:54.778 INFO [main] org.apache.catalina.startup.VersionLoggerListener.log Command line argument:             -Dcatalina.home=C:\Users\nigue\OneDrive\Documentos\apache-tomcat-9.0.122
03-Oct-2026 16:49:54.779 INFO [main] org.apache.catalina.startup.VersionLoggerListener.log Command line argument:             -Djava.io.tmpdir=C:\Users\nigue\OneDrive\Documentos\apache-tomcat-9.0.122\temp
03-Oct-2026 16:49:54.802 INFO [main] org.apache.catalina.core.AprLifecycleListener.lifecycleEvent Cargada la biblioteca nativa APR de Apache Tomcat [1.3.9] con la versión APR [1.7.6].
03-Oct-2026 16:49:54.803 INFO [main] org.apache.catalina.core.AprLifecycleListener.lifecycleEvent Capacidades APR: IPv6 [true], enviar fichero [true], aceptar filtros [false], aleatorio [true], UDS [true].
03-Oct-2026 16:49:54.804 INFO [main] org.apache.catalina.core.AprLifecycleListener.lifecycleEvent APR/OpenSSL configuration: useAprConnector [false], useOpenSSL [true]
03-Oct-2026 16:49:54.861 INFO [main] org.apache.catalina.core.AprLifecycleListener.initializeSSL OpenSSL inicializado correctamente [OpenSSL 3.5.8 25 Aug 2026]
03-Oct-2026 16:49:55.968 INFO [main] org.apache.coyote.AbstractProtocol.init Inicializando el manejador de protocolo ["http-nio-8080"]

03-Oct-2026 16:49:56.063 INFO [main] org.apache.catalina.startup.Catalina.load Server initialization in [2024] milliseconds
03-Oct-2026 16:49:56.277 INFO [main] org.apache.catalina.core.StandardService.startInternal Arrancando servicio [Catalina]
03-Oct-2026 16:49:56.278 INFO [main] org.apache.catalina.core.StandardEngine.startInternal Starting Servlet engine: [Apache Tomcat/9.0.122]
03-Oct-2026 16:49:56.353 INFO [main] org.apache.catalina.startup.HostConfig.deployDirectory Desplegando el directorio [C:\Users\nigue\OneDrive\Documentos\apache-tomcat-9.0.122\webapps\docs] de la aplicación web
03-Oct-2026 16:49:57.610 WARNING [main] org.apache.catalina.util.SessionIdGeneratorBase.createSecureRandom Creation of SecureRandom instance for session ID generation using [SHA1PRNG] took [229] milliseconds.
03-Oct-2026 16:49:57.833 INFO [main] org.apache.catalina.startup.HostConfig.deployDirectory Deployment of web application directory [C:\Users\nigue\OneDrive\Documentos\apache-tomcat-9.0.122\webapps\docs] has finished in [1.479] ms
03-Oct-2026 16:49:57.833 INFO [main] org.apache.catalina.startup.HostConfig.deployDirectory Desplegando el directorio [C:\Users\nigue\OneDrive\Documentos\apache-tomcat-9.0.122\webapps\examples] de la aplicación web
03-Oct-2026 16:49:59.509 INFO [main] org.apache.catalina.startup.HostConfig.deployDirectory Deployment of web application directory [C:\Users\nigue\OneDrive\Documentos\apache-tomcat-9.0.122\webapps\examples] has finished in [1.676] ms
03-Oct-2026 16:49:59.512 INFO [main] org.apache.catalina.startup.HostConfig.deployDirectory Desplegando el directorio [C:\Users\nigue\OneDrive\Documentos\apache-tomcat-9.0.122\webapps\host-manager] de la aplicación web
03-Oct-2026 16:49:59.659 INFO [main] org.apache.catalina.startup.HostConfig.deployDirectory Deployment of web application directory [C:\Users\nigue\OneDrive\Documentos\apache-tomcat-9.0.122\webapps\host-manager] has finished in [146] ms
03-Oct-2026 16:49:59.660 INFO [main] org.apache.catalina.startup.HostConfig.deployDirectory Desplegando el directorio [C:\Users\nigue\OneDrive\Documentos\apache-tomcat-9.0.122\webapps\manager] de la aplicación web
03-Oct-2026 16:49:59.819 INFO [main] org.apache.catalina.startup.HostConfig.deployDirectory Deployment of web application directory [C:\Users\nigue\OneDrive\Documentos\apache-tomcat-9.0.122\webapps\manager] has finished in [159] ms
03-Oct-2026 16:49:59.820 INFO [main] org.apache.catalina.startup.HostConfig.deployDirectory Desplegando el directorio [C:\Users\nigue\OneDrive\Documentos\apache-tomcat-9.0.122\webapps\ROOT] de la aplicación web
03-Oct-2026 16:49:59.934 INFO [main] org.apache.catalina.startup.HostConfig.deployDirectory Deployment of web application directory [C:\Users\nigue\OneDrive\Documentos\apache-tomcat-9.0.122\webapps\ROOT] has finished in [113] ms
03-Oct-2026 16:49:59.946 INFO [main] org.apache.coyote.AbstractProtocol.start Starting ProtocolHandler ["http-nio-8080"]
03-Oct-2026 16:50:00.083 INFO [main] org.apache.catalina.startup.Catalina.start Server startup in [4013] milliseconds
03-Oct-2026 16:53:12.201 INFO [http-nio-8080-exec-2] org.apache.catalina.startup.HostConfig.deployDescriptor Desplieque del descriptor de configuración [C:\Users\nigue\OneDrive\Documentos\apache-tomcat-9.0.122\conf\Catalina\localhost\SaludClick.xml]
03-Oct-2026 16:53:12.229 WARNING [http-nio-8080-exec-2] org.apache.catalina.startup.HostConfig.deployDescriptor The path attribute with value [/SaludClick] in deployment descriptor [C:\Users\nigue\OneDrive\Documentos\apache-tomcat-9.0.122\conf\Catalina\localhost\SaludClick.xml] has been ignored
03-Oct-2026 16:53:13.558 INFO [http-nio-8080-exec-2] org.apache.jasper.servlet.TldScanner.scanJars Al menos un JAR, que se ha explorado buscando TLDs, aún no contenía TLDs. Activar historial de depuración para este historiador para una completa lista de los JARs que fueron explorados y de los que nos se halló TLDs. Saltarse JARs no necesarios durante la exploración puede dar lugar a una mejora de tiempo significativa en el arranque y compilación de JSP .
03-Oct-2026 16:53:13.589 INFO [http-nio-8080-exec-2] org.apache.catalina.startup.HostConfig.deployDescriptor Deployment of deployment descriptor [C:\Users\nigue\OneDrive\Documentos\apache-tomcat-9.0.122\conf\Catalina\localhost\SaludClick.xml] has finished in [1.387] ms
03-Oct-2026 16:53:13.603 INFO [http-nio-8080-exec-3] org.apache.catalina.util.LifecycleBase.start The start() method was called on component [StandardEngine[Catalina].StandardHost[localhost].StandardContext[/SaludClick]] after start() had already been called. The second call will be ignored.
03-Oct-2026 16:56:34.236 INFO [http-nio-8080-exec-6] org.apache.catalina.core.StandardContext.reload Ha comenzado la recarga de Contexto [/SaludClick]
03-Oct-2026 16:56:36.665 INFO [http-nio-8080-exec-6] org.apache.jasper.servlet.TldScanner.scanJars Al menos un JAR, que se ha explorado buscando TLDs, aún no contenía TLDs. Activar historial de depuración para este historiador para una completa lista de los JARs que fueron explorados y de los que nos se halló TLDs. Saltarse JARs no necesarios durante la exploración puede dar lugar a una mejora de tiempo significativa en el arranque y compilación de JSP .
03-Oct-2026 16:56:36.715 INFO [http-nio-8080-exec-6] org.apache.catalina.core.StandardContext.reload Se ha completado la recarga de este Contexto
03-Oct-2026 16:57:18.875 INFO [http-nio-8080-exec-2] org.apache.catalina.core.StandardContext.reload Ha comenzado la recarga de Contexto [/SaludClick]
03-Oct-2026 16:57:21.066 INFO [http-nio-8080-exec-2] org.apache.jasper.servlet.TldScanner.scanJars Al menos un JAR, que se ha explorado buscando TLDs, aún no contenía TLDs. Activar historial de depuración para este historiador para una completa lista de los JARs que fueron explorados y de los que nos se halló TLDs. Saltarse JARs no necesarios durante la exploración puede dar lugar a una mejora de tiempo significativa en el arranque y compilación de JSP .
03-Oct-2026 16:57:21.122 INFO [http-nio-8080-exec-2] org.apache.catalina.core.StandardContext.reload Se ha completado la recarga de este Contexto
03-Oct-2026 16:57:23.058 INFO [http-nio-8080-exec-3] org.apache.catalina.core.StandardContext.reload Ha comenzado la recarga de Contexto [/SaludClick]
03-Oct-2026 16:57:24.152 INFO [http-nio-8080-exec-3] org.apache.jasper.servlet.TldScanner.scanJars Al menos un JAR, que se ha explorado buscando TLDs, aún no contenía TLDs. Activar historial de depuración para este historiador para una completa lista de los JARs que fueron explorados y de los que nos se halló TLDs. Saltarse JARs no necesarios durante la exploración puede dar lugar a una mejora de tiempo significativa en el arranque y compilación de JSP .
03-Oct-2026 16:57:24.164 INFO [http-nio-8080-exec-3] org.apache.catalina.core.StandardContext.reload Se ha completado la recarga de este Contexto
03-Oct-2026 16:57:28.959 INFO [http-nio-8080-exec-5] org.apache.catalina.core.StandardContext.reload Ha comenzado la recarga de Contexto [/SaludClick]
03-Oct-2026 16:57:30.393 INFO [http-nio-8080-exec-5] org.apache.jasper.servlet.TldScanner.scanJars Al menos un JAR, que se ha explorado buscando TLDs, aún no contenía TLDs. Activar historial de depuración para este historiador para una completa lista de los JARs que fueron explorados y de los que nos se halló TLDs. Saltarse JARs no necesarios durante la exploración puede dar lugar a una mejora de tiempo significativa en el arranque y compilación de JSP .
03-Oct-2026 16:57:30.403 INFO [http-nio-8080-exec-5] org.apache.catalina.core.StandardContext.reload Se ha completado la recarga de este Contexto
03-Oct-2026 17:12:22.170 INFO [http-nio-8080-exec-25] org.apache.catalina.core.StandardContext.reload Ha comenzado la recarga de Contexto [/SaludClick]
03-Oct-2026 17:12:24.285 INFO [http-nio-8080-exec-25] org.apache.jasper.servlet.TldScanner.scanJars Al menos un JAR, que se ha explorado buscando TLDs, aún no contenía TLDs. Activar historial de depuración para este historiador para una completa lista de los JARs que fueron explorados y de los que nos se halló TLDs. Saltarse JARs no necesarios durante la exploración puede dar lugar a una mejora de tiempo significativa en el arranque y compilación de JSP .
03-Oct-2026 17:12:24.325 INFO [http-nio-8080-exec-25] org.apache.catalina.core.StandardContext.reload Se ha completado la recarga de este Contexto
03-Oct-2026 17:12:28.796 INFO [http-nio-8080-exec-20] org.apache.catalina.startup.HostConfig.undeploy Repliegue (undeploy) de la aplicación web que tiene como trayectoria de contexto [/SaludClick]
03-Oct-2026 17:31:48.753 INFO [http-nio-8080-exec-37] org.apache.catalina.startup.HostConfig.deployDescriptor Desplieque del descriptor de configuración [C:\Users\nigue\OneDrive\Documentos\apache-tomcat-9.0.122\conf\Catalina\localhost\SaludClick.xml]
03-Oct-2026 17:31:48.850 WARNING [http-nio-8080-exec-37] org.apache.catalina.startup.HostConfig.deployDescriptor The path attribute with value [/SaludClick] in deployment descriptor [C:\Users\nigue\OneDrive\Documentos\apache-tomcat-9.0.122\conf\Catalina\localhost\SaludClick.xml] has been ignored
03-Oct-2026 17:31:49.841 INFO [http-nio-8080-exec-37] org.apache.jasper.servlet.TldScanner.scanJars Al menos un JAR, que se ha explorado buscando TLDs, aún no contenía TLDs. Activar historial de depuración para este historiador para una completa lista de los JARs que fueron explorados y de los que nos se halló TLDs. Saltarse JARs no necesarios durante la exploración puede dar lugar a una mejora de tiempo significativa en el arranque y compilación de JSP .
03-Oct-2026 17:31:49.861 INFO [http-nio-8080-exec-37] org.apache.catalina.startup.HostConfig.deployDescriptor Deployment of deployment descriptor [C:\Users\nigue\OneDrive\Documentos\apache-tomcat-9.0.122\conf\Catalina\localhost\SaludClick.xml] has finished in [1.104] ms
03-Oct-2026 17:31:49.867 INFO [http-nio-8080-exec-31] org.apache.catalina.util.LifecycleBase.start The start() method was called on component [StandardEngine[Catalina].StandardHost[localhost].StandardContext[/SaludClick]] after start() had already been called. The second call will be ignored.
03-Oct-2026 17:41:34.346 INFO [http-nio-8080-exec-38] org.apache.catalina.core.StandardContext.reload Ha comenzado la recarga de Contexto [/SaludClick]
03-Oct-2026 17:41:34.411 WARNING [http-nio-8080-exec-38] org.apache.catalina.loader.WebappClassLoaderBase.clearReferencesJdbc La aplicación web [SaludClick] registró el conductor JDBC [com.mysql.cj.jdbc.Driver] pero falló al anular el registro mientras la aplicación web estaba parada. Para prevenir un fallo de memoria, se ha anulado el registro del conductor JDBC por la fuerza.
03-Oct-2026 17:41:34.414 WARNING [http-nio-8080-exec-38] org.apache.catalina.loader.WebappClassLoaderBase.clearReferencesThreads The web application [SaludClick] appears to have started a thread named [mysql-cj-abandoned-connection-cleanup] but has failed to stop it. This is very likely to create a memory leak. Stack trace of thread:
 java.base/java.lang.Object.wait0(Native Method)
 java.base/java.lang.Object.wait(Object.java:391)
 java.base/java.lang.ref.ReferenceQueue.remove0(ReferenceQueue.java:123)
 java.base/java.lang.ref.ReferenceQueue.remove(ReferenceQueue.java:201)
 com.mysql.cj.jdbc.AbandonedConnectionCleanupThread.run(AbandonedConnectionCleanupThread.java:84)
 java.base/java.util.concurrent.ThreadPoolExecutor.runWorker(ThreadPoolExecutor.java:1090)
 java.base/java.util.concurrent.ThreadPoolExecutor$Worker.run(ThreadPoolExecutor.java:614)
 java.base/java.lang.Thread.run(Thread.java:1516)
03-Oct-2026 17:41:35.248 INFO [http-nio-8080-exec-38] org.apache.jasper.servlet.TldScanner.scanJars Al menos un JAR, que se ha explorado buscando TLDs, aún no contenía TLDs. Activar historial de depuración para este historiador para una completa lista de los JARs que fueron explorados y de los que nos se halló TLDs. Saltarse JARs no necesarios durante la exploración puede dar lugar a una mejora de tiempo significativa en el arranque y compilación de JSP .
03-Oct-2026 17:41:35.261 INFO [http-nio-8080-exec-38] org.apache.catalina.core.StandardContext.reload Se ha completado la recarga de este Contexto
03-Oct-2026 17:41:39.313 INFO [mysql-cj-abandoned-connection-cleanup] org.apache.catalina.loader.WebappClassLoaderBase.checkStateForResourceLoading Acceso ilegal: esta instancia de aplicación web ya ha sido parada.  Could not load [].  La eventual traza de pila que sigue ha sido motivada por un error lanzado con motivos de depuración así como para intentar terminar el hilo que motivó el acceso ilegal y no tiene impacto funcional.
	java.lang.IllegalStateException: Acceso ilegal: esta instancia de aplicación web ya ha sido parada.  Could not load [].  La eventual traza de pila que sigue ha sido motivada por un error lanzado con motivos de depuración así como para intentar terminar el hilo que motivó el acceso ilegal y no tiene impacto funcional.
		at org.apache.catalina.loader.WebappClassLoaderBase.checkStateForResourceLoading(WebappClassLoaderBase.java:1474)
		at org.apache.catalina.loader.WebappClassLoaderBase.getResource(WebappClassLoaderBase.java:1077)
		at com.mysql.cj.jdbc.AbandonedConnectionCleanupThread.checkThreadContextClassLoader(AbandonedConnectionCleanupThread.java:116)
		at com.mysql.cj.jdbc.AbandonedConnectionCleanupThread.run(AbandonedConnectionCleanupThread.java:83)
		at java.base/java.util.concurrent.ThreadPoolExecutor.runWorker(ThreadPoolExecutor.java:1090)
		at java.base/java.util.concurrent.ThreadPoolExecutor$Worker.run(ThreadPoolExecutor.java:614)
		at java.base/java.lang.Thread.run(Thread.java:1516)
03-Oct-2026 17:42:58.369 INFO [http-nio-8080-exec-30] org.apache.catalina.core.StandardContext.reload Ha comenzado la recarga de Contexto [/SaludClick]
03-Oct-2026 17:42:59.234 INFO [http-nio-8080-exec-30] org.apache.jasper.servlet.TldScanner.scanJars Al menos un JAR, que se ha explorado buscando TLDs, aún no contenía TLDs. Activar historial de depuración para este historiador para una completa lista de los JARs que fueron explorados y de los que nos se halló TLDs. Saltarse JARs no necesarios durante la exploración puede dar lugar a una mejora de tiempo significativa en el arranque y compilación de JSP .
03-Oct-2026 17:42:59.277 INFO [http-nio-8080-exec-30] org.apache.catalina.core.StandardContext.reload Se ha completado la recarga de este Contexto
03-Oct-2026 17:43:11.594 INFO [http-nio-8080-exec-41] org.apache.catalina.startup.HostConfig.undeploy Repliegue (undeploy) de la aplicación web que tiene como trayectoria de contexto [/SaludClick]
03-Oct-2026 17:43:22.259 INFO [http-nio-8080-exec-40] org.apache.catalina.startup.HostConfig.deployDescriptor Desplieque del descriptor de configuración [C:\Users\nigue\OneDrive\Documentos\apache-tomcat-9.0.122\conf\Catalina\localhost\SaludClick.xml]
03-Oct-2026 17:43:22.270 WARNING [http-nio-8080-exec-40] org.apache.catalina.startup.HostConfig.deployDescriptor The path attribute with value [/SaludClick] in deployment descriptor [C:\Users\nigue\OneDrive\Documentos\apache-tomcat-9.0.122\conf\Catalina\localhost\SaludClick.xml] has been ignored
03-Oct-2026 17:43:22.726 INFO [http-nio-8080-exec-40] org.apache.jasper.servlet.TldScanner.scanJars Al menos un JAR, que se ha explorado buscando TLDs, aún no contenía TLDs. Activar historial de depuración para este historiador para una completa lista de los JARs que fueron explorados y de los que nos se halló TLDs. Saltarse JARs no necesarios durante la exploración puede dar lugar a una mejora de tiempo significativa en el arranque y compilación de JSP .
03-Oct-2026 17:43:22.735 INFO [http-nio-8080-exec-40] org.apache.catalina.startup.HostConfig.deployDescriptor Deployment of deployment descriptor [C:\Users\nigue\OneDrive\Documentos\apache-tomcat-9.0.122\conf\Catalina\localhost\SaludClick.xml] has finished in [472] ms
03-Oct-2026 17:43:22.741 INFO [http-nio-8080-exec-42] org.apache.catalina.util.LifecycleBase.start The start() method was called on component [StandardEngine[Catalina].StandardHost[localhost].StandardContext[/SaludClick]] after start() had already been called. The second call will be ignored.
03-Oct-2026 17:56:28.924 INFO [http-nio-8080-exec-44] org.apache.catalina.core.StandardContext.reload Ha comenzado la recarga de Contexto [/SaludClick]
03-Oct-2026 17:56:29.227 WARNING [http-nio-8080-exec-44] org.apache.catalina.loader.WebappClassLoaderBase.clearReferencesJdbc La aplicación web [SaludClick] registró el conductor JDBC [com.mysql.cj.jdbc.Driver] pero falló al anular el registro mientras la aplicación web estaba parada. Para prevenir un fallo de memoria, se ha anulado el registro del conductor JDBC por la fuerza.
03-Oct-2026 17:56:29.239 WARNING [http-nio-8080-exec-44] org.apache.catalina.loader.WebappClassLoaderBase.clearReferencesThreads The web application [SaludClick] appears to have started a thread named [mysql-cj-abandoned-connection-cleanup] but has failed to stop it. This is very likely to create a memory leak. Stack trace of thread:
 java.base/java.lang.Object.wait0(Native Method)
 java.base/java.lang.Object.wait(Object.java:391)
 java.base/java.lang.ref.ReferenceQueue.remove0(ReferenceQueue.java:123)
 java.base/java.lang.ref.ReferenceQueue.remove(ReferenceQueue.java:201)
 com.mysql.cj.jdbc.AbandonedConnectionCleanupThread.run(AbandonedConnectionCleanupThread.java:84)
 java.base/java.util.concurrent.ThreadPoolExecutor.runWorker(ThreadPoolExecutor.java:1090)
 java.base/java.util.concurrent.ThreadPoolExecutor$Worker.run(ThreadPoolExecutor.java:614)
 java.base/java.lang.Thread.run(Thread.java:1516)
03-Oct-2026 17:56:30.850 INFO [mysql-cj-abandoned-connection-cleanup] org.apache.catalina.loader.WebappClassLoaderBase.checkStateForResourceLoading Acceso ilegal: esta instancia de aplicación web ya ha sido parada.  Could not load [].  La eventual traza de pila que sigue ha sido motivada por un error lanzado con motivos de depuración así como para intentar terminar el hilo que motivó el acceso ilegal y no tiene impacto funcional.
	java.lang.IllegalStateException: Acceso ilegal: esta instancia de aplicación web ya ha sido parada.  Could not load [].  La eventual traza de pila que sigue ha sido motivada por un error lanzado con motivos de depuración así como para intentar terminar el hilo que motivó el acceso ilegal y no tiene impacto funcional.
		at org.apache.catalina.loader.WebappClassLoaderBase.checkStateForResourceLoading(WebappClassLoaderBase.java:1474)
		at org.apache.catalina.loader.WebappClassLoaderBase.getResource(WebappClassLoaderBase.java:1077)
		at com.mysql.cj.jdbc.AbandonedConnectionCleanupThread.checkThreadContextClassLoader(AbandonedConnectionCleanupThread.java:116)
		at com.mysql.cj.jdbc.AbandonedConnectionCleanupThread.run(AbandonedConnectionCleanupThread.java:83)
		at java.base/java.util.concurrent.ThreadPoolExecutor.runWorker(ThreadPoolExecutor.java:1090)
		at java.base/java.util.concurrent.ThreadPoolExecutor$Worker.run(ThreadPoolExecutor.java:614)
		at java.base/java.lang.Thread.run(Thread.java:1516)
03-Oct-2026 17:56:33.648 INFO [http-nio-8080-exec-44] org.apache.jasper.servlet.TldScanner.scanJars Al menos un JAR, que se ha explorado buscando TLDs, aún no contenía TLDs. Activar historial de depuración para este historiador para una completa lista de los JARs que fueron explorados y de los que nos se halló TLDs. Saltarse JARs no necesarios durante la exploración puede dar lugar a una mejora de tiempo significativa en el arranque y compilación de JSP .
03-Oct-2026 17:56:34.383 INFO [http-nio-8080-exec-44] org.apache.catalina.core.StandardContext.reload Se ha completado la recarga de este Contexto
03-Oct-2026 18:02:23.422 INFO [http-nio-8080-exec-59] org.apache.catalina.startup.HostConfig.undeploy Repliegue (undeploy) de la aplicación web que tiene como trayectoria de contexto [/SaludClick]
03-Oct-2026 18:02:39.484 INFO [http-nio-8080-exec-54] org.apache.catalina.startup.HostConfig.deployDescriptor Desplieque del descriptor de configuración [C:\Users\nigue\OneDrive\Documentos\apache-tomcat-9.0.122\conf\Catalina\localhost\SaludClick.xml]
03-Oct-2026 18:02:39.513 WARNING [http-nio-8080-exec-54] org.apache.catalina.startup.HostConfig.deployDescriptor The path attribute with value [/SaludClick] in deployment descriptor [C:\Users\nigue\OneDrive\Documentos\apache-tomcat-9.0.122\conf\Catalina\localhost\SaludClick.xml] has been ignored
03-Oct-2026 18:02:40.648 INFO [http-nio-8080-exec-54] org.apache.jasper.servlet.TldScanner.scanJars Al menos un JAR, que se ha explorado buscando TLDs, aún no contenía TLDs. Activar historial de depuración para este historiador para una completa lista de los JARs que fueron explorados y de los que nos se halló TLDs. Saltarse JARs no necesarios durante la exploración puede dar lugar a una mejora de tiempo significativa en el arranque y compilación de JSP .
03-Oct-2026 18:02:40.665 INFO [http-nio-8080-exec-54] org.apache.catalina.startup.HostConfig.deployDescriptor Deployment of deployment descriptor [C:\Users\nigue\OneDrive\Documentos\apache-tomcat-9.0.122\conf\Catalina\localhost\SaludClick.xml] has finished in [1.179] ms
03-Oct-2026 18:02:40.672 INFO [http-nio-8080-exec-58] org.apache.catalina.util.LifecycleBase.start The start() method was called on component [StandardEngine[Catalina].StandardHost[localhost].StandardContext[/SaludClick]] after start() had already been called. The second call will be ignored.
03-Oct-2026 18:09:54.708 WARNING [http-nio-8080-exec-64] org.apache.catalina.loader.WebappClassLoaderBase.clearReferencesJdbc La aplicación web [SaludClick] registró el conductor JDBC [com.mysql.cj.jdbc.Driver] pero falló al anular el registro mientras la aplicación web estaba parada. Para prevenir un fallo de memoria, se ha anulado el registro del conductor JDBC por la fuerza.
03-Oct-2026 18:09:54.712 WARNING [http-nio-8080-exec-64] org.apache.catalina.loader.WebappClassLoaderBase.clearReferencesThreads The web application [SaludClick] appears to have started a thread named [mysql-cj-abandoned-connection-cleanup] but has failed to stop it. This is very likely to create a memory leak. Stack trace of thread:
 java.base/java.lang.Object.wait0(Native Method)
 java.base/java.lang.Object.wait(Object.java:391)
 java.base/java.lang.ref.ReferenceQueue.remove0(ReferenceQueue.java:123)
 java.base/java.lang.ref.ReferenceQueue.remove(ReferenceQueue.java:201)
 com.mysql.cj.jdbc.AbandonedConnectionCleanupThread.run(AbandonedConnectionCleanupThread.java:84)
 java.base/java.util.concurrent.ThreadPoolExecutor.runWorker(ThreadPoolExecutor.java:1090)
 java.base/java.util.concurrent.ThreadPoolExecutor$Worker.run(ThreadPoolExecutor.java:614)
 java.base/java.lang.Thread.run(Thread.java:1516)
03-Oct-2026 18:09:55.268 INFO [http-nio-8080-exec-64] org.apache.catalina.startup.HostConfig.undeploy Repliegue (undeploy) de la aplicación web que tiene como trayectoria de contexto [/SaludClick]
03-Oct-2026 18:09:59.051 INFO [mysql-cj-abandoned-connection-cleanup] org.apache.catalina.loader.WebappClassLoaderBase.checkStateForResourceLoading Acceso ilegal: esta instancia de aplicación web ya ha sido parada.  Could not load [].  La eventual traza de pila que sigue ha sido motivada por un error lanzado con motivos de depuración así como para intentar terminar el hilo que motivó el acceso ilegal y no tiene impacto funcional.
	java.lang.IllegalStateException: Acceso ilegal: esta instancia de aplicación web ya ha sido parada.  Could not load [].  La eventual traza de pila que sigue ha sido motivada por un error lanzado con motivos de depuración así como para intentar terminar el hilo que motivó el acceso ilegal y no tiene impacto funcional.
		at org.apache.catalina.loader.WebappClassLoaderBase.checkStateForResourceLoading(WebappClassLoaderBase.java:1474)
		at org.apache.catalina.loader.WebappClassLoaderBase.getResource(WebappClassLoaderBase.java:1077)
		at com.mysql.cj.jdbc.AbandonedConnectionCleanupThread.checkThreadContextClassLoader(AbandonedConnectionCleanupThread.java:116)
		at com.mysql.cj.jdbc.AbandonedConnectionCleanupThread.run(AbandonedConnectionCleanupThread.java:83)
		at java.base/java.util.concurrent.ThreadPoolExecutor.runWorker(ThreadPoolExecutor.java:1090)
		at java.base/java.util.concurrent.ThreadPoolExecutor$Worker.run(ThreadPoolExecutor.java:614)
		at java.base/java.lang.Thread.run(Thread.java:1516)
03-Oct-2026 18:10:12.084 INFO [http-nio-8080-exec-70] org.apache.catalina.startup.HostConfig.deployDescriptor Desplieque del descriptor de configuración [C:\Users\nigue\OneDrive\Documentos\apache-tomcat-9.0.122\conf\Catalina\localhost\SaludClick.xml]
03-Oct-2026 18:10:12.106 WARNING [http-nio-8080-exec-70] org.apache.catalina.startup.HostConfig.deployDescriptor The path attribute with value [/SaludClick] in deployment descriptor [C:\Users\nigue\OneDrive\Documentos\apache-tomcat-9.0.122\conf\Catalina\localhost\SaludClick.xml] has been ignored
03-Oct-2026 18:10:13.071 INFO [http-nio-8080-exec-70] org.apache.jasper.servlet.TldScanner.scanJars Al menos un JAR, que se ha explorado buscando TLDs, aún no contenía TLDs. Activar historial de depuración para este historiador para una completa lista de los JARs que fueron explorados y de los que nos se halló TLDs. Saltarse JARs no necesarios durante la exploración puede dar lugar a una mejora de tiempo significativa en el arranque y compilación de JSP .
03-Oct-2026 18:10:13.093 INFO [http-nio-8080-exec-70] org.apache.catalina.startup.HostConfig.deployDescriptor Deployment of deployment descriptor [C:\Users\nigue\OneDrive\Documentos\apache-tomcat-9.0.122\conf\Catalina\localhost\SaludClick.xml] has finished in [1.004] ms
03-Oct-2026 18:10:13.100 INFO [http-nio-8080-exec-66] org.apache.catalina.util.LifecycleBase.start The start() method was called on component [StandardEngine[Catalina].StandardHost[localhost].StandardContext[/SaludClick]] after start() had already been called. The second call will be ignored.
03-Oct-2026 18:14:09.765 WARNING [http-nio-8080-exec-82] org.apache.catalina.loader.WebappClassLoaderBase.clearReferencesJdbc La aplicación web [SaludClick] registró el conductor JDBC [com.mysql.cj.jdbc.Driver] pero falló al anular el registro mientras la aplicación web estaba parada. Para prevenir un fallo de memoria, se ha anulado el registro del conductor JDBC por la fuerza.
03-Oct-2026 18:14:09.779 WARNING [http-nio-8080-exec-82] org.apache.catalina.loader.WebappClassLoaderBase.clearReferencesThreads The web application [SaludClick] appears to have started a thread named [mysql-cj-abandoned-connection-cleanup] but has failed to stop it. This is very likely to create a memory leak. Stack trace of thread:
 java.base/java.lang.Object.wait0(Native Method)
 java.base/java.lang.Object.wait(Object.java:391)
 java.base/java.lang.ref.ReferenceQueue.remove0(ReferenceQueue.java:123)
 java.base/java.lang.ref.ReferenceQueue.remove(ReferenceQueue.java:201)
 com.mysql.cj.jdbc.AbandonedConnectionCleanupThread.run(AbandonedConnectionCleanupThread.java:84)
 java.base/java.util.concurrent.ThreadPoolExecutor.runWorker(ThreadPoolExecutor.java:1090)
 java.base/java.util.concurrent.ThreadPoolExecutor$Worker.run(ThreadPoolExecutor.java:614)
 java.base/java.lang.Thread.run(Thread.java:1516)
03-Oct-2026 18:14:10.352 INFO [http-nio-8080-exec-82] org.apache.catalina.startup.HostConfig.undeploy Repliegue (undeploy) de la aplicación web que tiene como trayectoria de contexto [/SaludClick]
03-Oct-2026 18:14:11.384 INFO [mysql-cj-abandoned-connection-cleanup] org.apache.catalina.loader.WebappClassLoaderBase.checkStateForResourceLoading Acceso ilegal: esta instancia de aplicación web ya ha sido parada.  Could not load [].  La eventual traza de pila que sigue ha sido motivada por un error lanzado con motivos de depuración así como para intentar terminar el hilo que motivó el acceso ilegal y no tiene impacto funcional.
	java.lang.IllegalStateException: Acceso ilegal: esta instancia de aplicación web ya ha sido parada.  Could not load [].  La eventual traza de pila que sigue ha sido motivada por un error lanzado con motivos de depuración así como para intentar terminar el hilo que motivó el acceso ilegal y no tiene impacto funcional.
		at org.apache.catalina.loader.WebappClassLoaderBase.checkStateForResourceLoading(WebappClassLoaderBase.java:1474)
		at org.apache.catalina.loader.WebappClassLoaderBase.getResource(WebappClassLoaderBase.java:1077)
		at com.mysql.cj.jdbc.AbandonedConnectionCleanupThread.checkThreadContextClassLoader(AbandonedConnectionCleanupThread.java:116)
		at com.mysql.cj.jdbc.AbandonedConnectionCleanupThread.run(AbandonedConnectionCleanupThread.java:83)
		at java.base/java.util.concurrent.ThreadPoolExecutor.runWorker(ThreadPoolExecutor.java:1090)
		at java.base/java.util.concurrent.ThreadPoolExecutor$Worker.run(ThreadPoolExecutor.java:614)
		at java.base/java.lang.Thread.run(Thread.java:1516)
03-Oct-2026 18:14:19.017 INFO [http-nio-8080-exec-77] org.apache.catalina.startup.HostConfig.deployDescriptor Desplieque del descriptor de configuración [C:\Users\nigue\OneDrive\Documentos\apache-tomcat-9.0.122\conf\Catalina\localhost\SaludClick.xml]
03-Oct-2026 18:14:19.049 WARNING [http-nio-8080-exec-77] org.apache.catalina.startup.HostConfig.deployDescriptor The path attribute with value [/SaludClick] in deployment descriptor [C:\Users\nigue\OneDrive\Documentos\apache-tomcat-9.0.122\conf\Catalina\localhost\SaludClick.xml] has been ignored
03-Oct-2026 18:14:20.227 INFO [http-nio-8080-exec-77] org.apache.jasper.servlet.TldScanner.scanJars Al menos un JAR, que se ha explorado buscando TLDs, aún no contenía TLDs. Activar historial de depuración para este historiador para una completa lista de los JARs que fueron explorados y de los que nos se halló TLDs. Saltarse JARs no necesarios durante la exploración puede dar lugar a una mejora de tiempo significativa en el arranque y compilación de JSP .
03-Oct-2026 18:14:20.267 INFO [http-nio-8080-exec-77] org.apache.catalina.startup.HostConfig.deployDescriptor Deployment of deployment descriptor [C:\Users\nigue\OneDrive\Documentos\apache-tomcat-9.0.122\conf\Catalina\localhost\SaludClick.xml] has finished in [1.243] ms
03-Oct-2026 18:14:20.272 INFO [http-nio-8080-exec-78] org.apache.catalina.util.LifecycleBase.start The start() method was called on component [StandardEngine[Catalina].StandardHost[localhost].StandardContext[/SaludClick]] after start() had already been called. The second call will be ignored.
03-Oct-2026 20:26:12.297 INFO [http-nio-8080-exec-89] org.apache.catalina.core.StandardContext.reload Ha comenzado la recarga de Contexto [/SaludClick]
03-Oct-2026 20:26:12.595 WARNING [http-nio-8080-exec-89] org.apache.catalina.loader.WebappClassLoaderBase.clearReferencesJdbc La aplicación web [SaludClick] registró el conductor JDBC [com.mysql.cj.jdbc.Driver] pero falló al anular el registro mientras la aplicación web estaba parada. Para prevenir un fallo de memoria, se ha anulado el registro del conductor JDBC por la fuerza.
03-Oct-2026 20:26:12.607 WARNING [http-nio-8080-exec-89] org.apache.catalina.loader.WebappClassLoaderBase.clearReferencesThreads The web application [SaludClick] appears to have started a thread named [mysql-cj-abandoned-connection-cleanup] but has failed to stop it. This is very likely to create a memory leak. Stack trace of thread:
 java.base/java.lang.Object.wait0(Native Method)
 java.base/java.lang.Object.wait(Object.java:391)
 java.base/java.lang.ref.ReferenceQueue.remove0(ReferenceQueue.java:123)
 java.base/java.lang.ref.ReferenceQueue.remove(ReferenceQueue.java:201)
 com.mysql.cj.jdbc.AbandonedConnectionCleanupThread.run(AbandonedConnectionCleanupThread.java:84)
 java.base/java.util.concurrent.ThreadPoolExecutor.runWorker(ThreadPoolExecutor.java:1090)
 java.base/java.util.concurrent.ThreadPoolExecutor$Worker.run(ThreadPoolExecutor.java:614)
 java.base/java.lang.Thread.run(Thread.java:1516)
03-Oct-2026 20:26:15.837 INFO [http-nio-8080-exec-89] org.apache.jasper.servlet.TldScanner.scanJars Al menos un JAR, que se ha explorado buscando TLDs, aún no contenía TLDs. Activar historial de depuración para este historiador para una completa lista de los JARs que fueron explorados y de los que nos se halló TLDs. Saltarse JARs no necesarios durante la exploración puede dar lugar a una mejora de tiempo significativa en el arranque y compilación de JSP .
03-Oct-2026 20:26:15.883 INFO [http-nio-8080-exec-89] org.apache.catalina.core.StandardContext.reload Se ha completado la recarga de este Contexto
03-Oct-2026 20:26:16.638 INFO [mysql-cj-abandoned-connection-cleanup] org.apache.catalina.loader.WebappClassLoaderBase.checkStateForResourceLoading Acceso ilegal: esta instancia de aplicación web ya ha sido parada.  Could not load [].  La eventual traza de pila que sigue ha sido motivada por un error lanzado con motivos de depuración así como para intentar terminar el hilo que motivó el acceso ilegal y no tiene impacto funcional.
	java.lang.IllegalStateException: Acceso ilegal: esta instancia de aplicación web ya ha sido parada.  Could not load [].  La eventual traza de pila que sigue ha sido motivada por un error lanzado con motivos de depuración así como para intentar terminar el hilo que motivó el acceso ilegal y no tiene impacto funcional.
		at org.apache.catalina.loader.WebappClassLoaderBase.checkStateForResourceLoading(WebappClassLoaderBase.java:1474)
		at org.apache.catalina.loader.WebappClassLoaderBase.getResource(WebappClassLoaderBase.java:1077)
		at com.mysql.cj.jdbc.AbandonedConnectionCleanupThread.checkThreadContextClassLoader(AbandonedConnectionCleanupThread.java:116)
		at com.mysql.cj.jdbc.AbandonedConnectionCleanupThread.run(AbandonedConnectionCleanupThread.java:83)
		at java.base/java.util.concurrent.ThreadPoolExecutor.runWorker(ThreadPoolExecutor.java:1090)
		at java.base/java.util.concurrent.ThreadPoolExecutor$Worker.run(ThreadPoolExecutor.java:614)
		at java.base/java.lang.Thread.run(Thread.java:1516)
03-Oct-2026 20:28:49.998 INFO [http-nio-8080-exec-94] org.apache.catalina.core.StandardContext.reload Ha comenzado la recarga de Contexto [/SaludClick]
03-Oct-2026 20:28:52.372 INFO [http-nio-8080-exec-94] org.apache.jasper.servlet.TldScanner.scanJars Al menos un JAR, que se ha explorado buscando TLDs, aún no contenía TLDs. Activar historial de depuración para este historiador para una completa lista de los JARs que fueron explorados y de los que nos se halló TLDs. Saltarse JARs no necesarios durante la exploración puede dar lugar a una mejora de tiempo significativa en el arranque y compilación de JSP .
03-Oct-2026 20:28:52.392 INFO [http-nio-8080-exec-94] org.apache.catalina.core.StandardContext.reload Se ha completado la recarga de este Contexto
03-Oct-2026 20:35:09.019 INFO [http-nio-8080-exec-100] org.apache.catalina.startup.HostConfig.undeploy Repliegue (undeploy) de la aplicación web que tiene como trayectoria de contexto [/SaludClick]
03-Oct-2026 20:35:43.457 INFO [http-nio-8080-exec-103] org.apache.catalina.startup.HostConfig.deployDescriptor Desplieque del descriptor de configuración [C:\Users\nigue\OneDrive\Documentos\apache-tomcat-9.0.122\conf\Catalina\localhost\SaludClick.xml]
03-Oct-2026 20:35:43.503 WARNING [http-nio-8080-exec-103] org.apache.catalina.startup.HostConfig.deployDescriptor The path attribute with value [/SaludClick] in deployment descriptor [C:\Users\nigue\OneDrive\Documentos\apache-tomcat-9.0.122\conf\Catalina\localhost\SaludClick.xml] has been ignored
03-Oct-2026 20:35:45.674 INFO [http-nio-8080-exec-103] org.apache.jasper.servlet.TldScanner.scanJars Al menos un JAR, que se ha explorado buscando TLDs, aún no contenía TLDs. Activar historial de depuración para este historiador para una completa lista de los JARs que fueron explorados y de los que nos se halló TLDs. Saltarse JARs no necesarios durante la exploración puede dar lugar a una mejora de tiempo significativa en el arranque y compilación de JSP .
03-Oct-2026 20:35:45.696 INFO [http-nio-8080-exec-103] org.apache.catalina.startup.HostConfig.deployDescriptor Deployment of deployment descriptor [C:\Users\nigue\OneDrive\Documentos\apache-tomcat-9.0.122\conf\Catalina\localhost\SaludClick.xml] has finished in [2.230] ms
03-Oct-2026 20:35:45.705 INFO [http-nio-8080-exec-109] org.apache.catalina.util.LifecycleBase.start The start() method was called on component [StandardEngine[Catalina].StandardHost[localhost].StandardContext[/SaludClick]] after start() had already been called. The second call will be ignored.
03-Oct-2026 21:00:47.548 WARNING [http-nio-8080-exec-111] org.apache.catalina.loader.WebappClassLoaderBase.clearReferencesJdbc La aplicación web [SaludClick] registró el conductor JDBC [com.mysql.cj.jdbc.Driver] pero falló al anular el registro mientras la aplicación web estaba parada. Para prevenir un fallo de memoria, se ha anulado el registro del conductor JDBC por la fuerza.
03-Oct-2026 21:00:47.559 WARNING [http-nio-8080-exec-111] org.apache.catalina.loader.WebappClassLoaderBase.clearReferencesThreads The web application [SaludClick] appears to have started a thread named [mysql-cj-abandoned-connection-cleanup] but has failed to stop it. This is very likely to create a memory leak. Stack trace of thread:
 java.base/java.lang.Object.wait0(Native Method)
 java.base/java.lang.Object.wait(Object.java:391)
 java.base/java.lang.ref.ReferenceQueue.remove0(ReferenceQueue.java:123)
 java.base/java.lang.ref.ReferenceQueue.remove(ReferenceQueue.java:201)
 com.mysql.cj.jdbc.AbandonedConnectionCleanupThread.run(AbandonedConnectionCleanupThread.java:84)
 java.base/java.util.concurrent.ThreadPoolExecutor.runWorker(ThreadPoolExecutor.java:1090)
 java.base/java.util.concurrent.ThreadPoolExecutor$Worker.run(ThreadPoolExecutor.java:614)
 java.base/java.lang.Thread.run(Thread.java:1516)
03-Oct-2026 21:00:48.131 INFO [http-nio-8080-exec-111] org.apache.catalina.startup.HostConfig.undeploy Repliegue (undeploy) de la aplicación web que tiene como trayectoria de contexto [/SaludClick]
03-Oct-2026 21:00:50.883 INFO [mysql-cj-abandoned-connection-cleanup] org.apache.catalina.loader.WebappClassLoaderBase.checkStateForResourceLoading Acceso ilegal: esta instancia de aplicación web ya ha sido parada.  Could not load [].  La eventual traza de pila que sigue ha sido motivada por un error lanzado con motivos de depuración así como para intentar terminar el hilo que motivó el acceso ilegal y no tiene impacto funcional.
	java.lang.IllegalStateException: Acceso ilegal: esta instancia de aplicación web ya ha sido parada.  Could not load [].  La eventual traza de pila que sigue ha sido motivada por un error lanzado con motivos de depuración así como para intentar terminar el hilo que motivó el acceso ilegal y no tiene impacto funcional.
		at org.apache.catalina.loader.WebappClassLoaderBase.checkStateForResourceLoading(WebappClassLoaderBase.java:1474)
		at org.apache.catalina.loader.WebappClassLoaderBase.getResource(WebappClassLoaderBase.java:1077)
		at com.mysql.cj.jdbc.AbandonedConnectionCleanupThread.checkThreadContextClassLoader(AbandonedConnectionCleanupThread.java:116)
		at com.mysql.cj.jdbc.AbandonedConnectionCleanupThread.run(AbandonedConnectionCleanupThread.java:83)
		at java.base/java.util.concurrent.ThreadPoolExecutor.runWorker(ThreadPoolExecutor.java:1090)
		at java.base/java.util.concurrent.ThreadPoolExecutor$Worker.run(ThreadPoolExecutor.java:614)
		at java.base/java.lang.Thread.run(Thread.java:1516)
03-Oct-2026 21:01:01.867 INFO [http-nio-8080-exec-113] org.apache.catalina.startup.HostConfig.deployDescriptor Desplieque del descriptor de configuración [C:\Users\nigue\OneDrive\Documentos\apache-tomcat-9.0.122\conf\Catalina\localhost\SaludClick.xml]
03-Oct-2026 21:01:01.918 WARNING [http-nio-8080-exec-113] org.apache.catalina.startup.HostConfig.deployDescriptor The path attribute with value [/SaludClick] in deployment descriptor [C:\Users\nigue\OneDrive\Documentos\apache-tomcat-9.0.122\conf\Catalina\localhost\SaludClick.xml] has been ignored
03-Oct-2026 21:01:02.943 INFO [http-nio-8080-exec-113] org.apache.jasper.servlet.TldScanner.scanJars Al menos un JAR, que se ha explorado buscando TLDs, aún no contenía TLDs. Activar historial de depuración para este historiador para una completa lista de los JARs que fueron explorados y de los que nos se halló TLDs. Saltarse JARs no necesarios durante la exploración puede dar lugar a una mejora de tiempo significativa en el arranque y compilación de JSP .
03-Oct-2026 21:01:02.982 INFO [http-nio-8080-exec-113] org.apache.catalina.startup.HostConfig.deployDescriptor Deployment of deployment descriptor [C:\Users\nigue\OneDrive\Documentos\apache-tomcat-9.0.122\conf\Catalina\localhost\SaludClick.xml] has finished in [1.109] ms
03-Oct-2026 21:01:02.989 INFO [http-nio-8080-exec-116] org.apache.catalina.util.LifecycleBase.start The start() method was called on component [StandardEngine[Catalina].StandardHost[localhost].StandardContext[/SaludClick]] after start() had already been called. The second call will be ignored.
03-Oct-2026 21:24:32.093 INFO [http-nio-8080-exec-124] org.apache.catalina.core.StandardContext.reload Ha comenzado la recarga de Contexto [/SaludClick]
03-Oct-2026 21:24:32.212 WARNING [http-nio-8080-exec-124] org.apache.catalina.loader.WebappClassLoaderBase.clearReferencesJdbc La aplicación web [SaludClick] registró el conductor JDBC [com.mysql.cj.jdbc.Driver] pero falló al anular el registro mientras la aplicación web estaba parada. Para prevenir un fallo de memoria, se ha anulado el registro del conductor JDBC por la fuerza.
03-Oct-2026 21:24:32.219 WARNING [http-nio-8080-exec-124] org.apache.catalina.loader.WebappClassLoaderBase.clearReferencesThreads The web application [SaludClick] appears to have started a thread named [mysql-cj-abandoned-connection-cleanup] but has failed to stop it. This is very likely to create a memory leak. Stack trace of thread:
 java.base/java.lang.Object.wait0(Native Method)
 java.base/java.lang.Object.wait(Object.java:391)
 java.base/java.lang.ref.ReferenceQueue.remove0(ReferenceQueue.java:123)
 java.base/java.lang.ref.ReferenceQueue.remove(ReferenceQueue.java:201)
 com.mysql.cj.jdbc.AbandonedConnectionCleanupThread.run(AbandonedConnectionCleanupThread.java:84)
 java.base/java.util.concurrent.ThreadPoolExecutor.runWorker(ThreadPoolExecutor.java:1090)
 java.base/java.util.concurrent.ThreadPoolExecutor$Worker.run(ThreadPoolExecutor.java:614)
 java.base/java.lang.Thread.run(Thread.java:1516)
03-Oct-2026 21:24:33.212 INFO [mysql-cj-abandoned-connection-cleanup] org.apache.catalina.loader.WebappClassLoaderBase.checkStateForResourceLoading Acceso ilegal: esta instancia de aplicación web ya ha sido parada.  Could not load [].  La eventual traza de pila que sigue ha sido motivada por un error lanzado con motivos de depuración así como para intentar terminar el hilo que motivó el acceso ilegal y no tiene impacto funcional.
	java.lang.IllegalStateException: Acceso ilegal: esta instancia de aplicación web ya ha sido parada.  Could not load [].  La eventual traza de pila que sigue ha sido motivada por un error lanzado con motivos de depuración así como para intentar terminar el hilo que motivó el acceso ilegal y no tiene impacto funcional.
		at org.apache.catalina.loader.WebappClassLoaderBase.checkStateForResourceLoading(WebappClassLoaderBase.java:1474)
		at org.apache.catalina.loader.WebappClassLoaderBase.getResource(WebappClassLoaderBase.java:1077)
		at com.mysql.cj.jdbc.AbandonedConnectionCleanupThread.checkThreadContextClassLoader(AbandonedConnectionCleanupThread.java:116)
		at com.mysql.cj.jdbc.AbandonedConnectionCleanupThread.run(AbandonedConnectionCleanupThread.java:83)
		at java.base/java.util.concurrent.ThreadPoolExecutor.runWorker(ThreadPoolExecutor.java:1090)
		at java.base/java.util.concurrent.ThreadPoolExecutor$Worker.run(ThreadPoolExecutor.java:614)
		at java.base/java.lang.Thread.run(Thread.java:1516)
03-Oct-2026 21:24:33.776 INFO [http-nio-8080-exec-124] org.apache.jasper.servlet.TldScanner.scanJars Al menos un JAR, que se ha explorado buscando TLDs, aún no contenía TLDs. Activar historial de depuración para este historiador para una completa lista de los JARs que fueron explorados y de los que nos se halló TLDs. Saltarse JARs no necesarios durante la exploración puede dar lugar a una mejora de tiempo significativa en el arranque y compilación de JSP .
03-Oct-2026 21:24:33.815 INFO [http-nio-8080-exec-124] org.apache.catalina.core.StandardContext.reload Se ha completado la recarga de este Contexto
03-Oct-2026 21:24:42.879 INFO [http-nio-8080-exec-130] org.apache.catalina.startup.HostConfig.undeploy Repliegue (undeploy) de la aplicación web que tiene como trayectoria de contexto [/SaludClick]
03-Oct-2026 21:24:54.477 INFO [http-nio-8080-exec-127] org.apache.catalina.startup.HostConfig.deployDescriptor Desplieque del descriptor de configuración [C:\Users\nigue\OneDrive\Documentos\apache-tomcat-9.0.122\conf\Catalina\localhost\SaludClick.xml]
03-Oct-2026 21:24:54.483 WARNING [http-nio-8080-exec-127] org.apache.catalina.startup.HostConfig.deployDescriptor The path attribute with value [/SaludClick] in deployment descriptor [C:\Users\nigue\OneDrive\Documentos\apache-tomcat-9.0.122\conf\Catalina\localhost\SaludClick.xml] has been ignored
03-Oct-2026 21:24:54.949 INFO [http-nio-8080-exec-127] org.apache.jasper.servlet.TldScanner.scanJars Al menos un JAR, que se ha explorado buscando TLDs, aún no contenía TLDs. Activar historial de depuración para este historiador para una completa lista de los JARs que fueron explorados y de los que nos se halló TLDs. Saltarse JARs no necesarios durante la exploración puede dar lugar a una mejora de tiempo significativa en el arranque y compilación de JSP .
03-Oct-2026 21:24:54.963 INFO [http-nio-8080-exec-127] org.apache.catalina.startup.HostConfig.deployDescriptor Deployment of deployment descriptor [C:\Users\nigue\OneDrive\Documentos\apache-tomcat-9.0.122\conf\Catalina\localhost\SaludClick.xml] has finished in [480] ms
03-Oct-2026 21:24:54.967 INFO [http-nio-8080-exec-123] org.apache.catalina.util.LifecycleBase.start The start() method was called on component [StandardEngine[Catalina].StandardHost[localhost].StandardContext[/SaludClick]] after start() had already been called. The second call will be ignored.
03-Oct-2026 21:30:28.005 WARNING [http-nio-8080-exec-135] org.apache.catalina.loader.WebappClassLoaderBase.clearReferencesJdbc La aplicación web [SaludClick] registró el conductor JDBC [com.mysql.cj.jdbc.Driver] pero falló al anular el registro mientras la aplicación web estaba parada. Para prevenir un fallo de memoria, se ha anulado el registro del conductor JDBC por la fuerza.
03-Oct-2026 21:30:28.012 WARNING [http-nio-8080-exec-135] org.apache.catalina.loader.WebappClassLoaderBase.clearReferencesThreads The web application [SaludClick] appears to have started a thread named [mysql-cj-abandoned-connection-cleanup] but has failed to stop it. This is very likely to create a memory leak. Stack trace of thread:
 java.base/java.lang.Object.wait0(Native Method)
 java.base/java.lang.Object.wait(Object.java:391)
 java.base/java.lang.ref.ReferenceQueue.remove0(ReferenceQueue.java:123)
 java.base/java.lang.ref.ReferenceQueue.remove(ReferenceQueue.java:201)
 com.mysql.cj.jdbc.AbandonedConnectionCleanupThread.run(AbandonedConnectionCleanupThread.java:84)
 java.base/java.util.concurrent.ThreadPoolExecutor.runWorker(ThreadPoolExecutor.java:1090)
 java.base/java.util.concurrent.ThreadPoolExecutor$Worker.run(ThreadPoolExecutor.java:614)
 java.base/java.lang.Thread.run(Thread.java:1516)
03-Oct-2026 21:30:28.582 INFO [http-nio-8080-exec-135] org.apache.catalina.startup.HostConfig.undeploy Repliegue (undeploy) de la aplicación web que tiene como trayectoria de contexto [/SaludClick]
03-Oct-2026 21:30:30.608 INFO [mysql-cj-abandoned-connection-cleanup] org.apache.catalina.loader.WebappClassLoaderBase.checkStateForResourceLoading Acceso ilegal: esta instancia de aplicación web ya ha sido parada.  Could not load [].  La eventual traza de pila que sigue ha sido motivada por un error lanzado con motivos de depuración así como para intentar terminar el hilo que motivó el acceso ilegal y no tiene impacto funcional.
	java.lang.IllegalStateException: Acceso ilegal: esta instancia de aplicación web ya ha sido parada.  Could not load [].  La eventual traza de pila que sigue ha sido motivada por un error lanzado con motivos de depuración así como para intentar terminar el hilo que motivó el acceso ilegal y no tiene impacto funcional.
		at org.apache.catalina.loader.WebappClassLoaderBase.checkStateForResourceLoading(WebappClassLoaderBase.java:1474)
		at org.apache.catalina.loader.WebappClassLoaderBase.getResource(WebappClassLoaderBase.java:1077)
		at com.mysql.cj.jdbc.AbandonedConnectionCleanupThread.checkThreadContextClassLoader(AbandonedConnectionCleanupThread.java:116)
		at com.mysql.cj.jdbc.AbandonedConnectionCleanupThread.run(AbandonedConnectionCleanupThread.java:83)
		at java.base/java.util.concurrent.ThreadPoolExecutor.runWorker(ThreadPoolExecutor.java:1090)
		at java.base/java.util.concurrent.ThreadPoolExecutor$Worker.run(ThreadPoolExecutor.java:614)
		at java.base/java.lang.Thread.run(Thread.java:1516)
03-Oct-2026 21:30:38.356 INFO [http-nio-8080-exec-138] org.apache.catalina.startup.HostConfig.deployDescriptor Desplieque del descriptor de configuración [C:\Users\nigue\OneDrive\Documentos\apache-tomcat-9.0.122\conf\Catalina\localhost\SaludClick.xml]
03-Oct-2026 21:30:38.379 WARNING [http-nio-8080-exec-138] org.apache.catalina.startup.HostConfig.deployDescriptor The path attribute with value [/SaludClick] in deployment descriptor [C:\Users\nigue\OneDrive\Documentos\apache-tomcat-9.0.122\conf\Catalina\localhost\SaludClick.xml] has been ignored
03-Oct-2026 21:30:39.636 INFO [http-nio-8080-exec-138] org.apache.jasper.servlet.TldScanner.scanJars Al menos un JAR, que se ha explorado buscando TLDs, aún no contenía TLDs. Activar historial de depuración para este historiador para una completa lista de los JARs que fueron explorados y de los que nos se halló TLDs. Saltarse JARs no necesarios durante la exploración puede dar lugar a una mejora de tiempo significativa en el arranque y compilación de JSP .
03-Oct-2026 21:30:39.642 INFO [http-nio-8080-exec-138] org.apache.catalina.startup.HostConfig.deployDescriptor Deployment of deployment descriptor [C:\Users\nigue\OneDrive\Documentos\apache-tomcat-9.0.122\conf\Catalina\localhost\SaludClick.xml] has finished in [1.285] ms
03-Oct-2026 21:30:39.645 INFO [http-nio-8080-exec-136] org.apache.catalina.util.LifecycleBase.start The start() method was called on component [StandardEngine[Catalina].StandardHost[localhost].StandardContext[/SaludClick]] after start() had already been called. The second call will be ignored.
03-Oct-2026 22:06:57.252 WARNING [http-nio-8080-exec-142] org.apache.catalina.loader.WebappClassLoaderBase.clearReferencesJdbc La aplicación web [SaludClick] registró el conductor JDBC [com.mysql.cj.jdbc.Driver] pero falló al anular el registro mientras la aplicación web estaba parada. Para prevenir un fallo de memoria, se ha anulado el registro del conductor JDBC por la fuerza.
03-Oct-2026 22:06:57.268 WARNING [http-nio-8080-exec-142] org.apache.catalina.loader.WebappClassLoaderBase.clearReferencesThreads The web application [SaludClick] appears to have started a thread named [mysql-cj-abandoned-connection-cleanup] but has failed to stop it. This is very likely to create a memory leak. Stack trace of thread:
 java.base/java.lang.Object.wait0(Native Method)
 java.base/java.lang.Object.wait(Object.java:391)
 java.base/java.lang.ref.ReferenceQueue.remove0(ReferenceQueue.java:123)
 java.base/java.lang.ref.ReferenceQueue.remove(ReferenceQueue.java:201)
 com.mysql.cj.jdbc.AbandonedConnectionCleanupThread.run(AbandonedConnectionCleanupThread.java:84)
 java.base/java.util.concurrent.ThreadPoolExecutor.runWorker(ThreadPoolExecutor.java:1090)
 java.base/java.util.concurrent.ThreadPoolExecutor$Worker.run(ThreadPoolExecutor.java:614)
 java.base/java.lang.Thread.run(Thread.java:1516)
03-Oct-2026 22:06:57.903 INFO [http-nio-8080-exec-142] org.apache.catalina.startup.HostConfig.undeploy Repliegue (undeploy) de la aplicación web que tiene como trayectoria de contexto [/SaludClick]
03-Oct-2026 22:06:58.925 INFO [mysql-cj-abandoned-connection-cleanup] org.apache.catalina.loader.WebappClassLoaderBase.checkStateForResourceLoading Acceso ilegal: esta instancia de aplicación web ya ha sido parada.  Could not load [].  La eventual traza de pila que sigue ha sido motivada por un error lanzado con motivos de depuración así como para intentar terminar el hilo que motivó el acceso ilegal y no tiene impacto funcional.
	java.lang.IllegalStateException: Acceso ilegal: esta instancia de aplicación web ya ha sido parada.  Could not load [].  La eventual traza de pila que sigue ha sido motivada por un error lanzado con motivos de depuración así como para intentar terminar el hilo que motivó el acceso ilegal y no tiene impacto funcional.
		at org.apache.catalina.loader.WebappClassLoaderBase.checkStateForResourceLoading(WebappClassLoaderBase.java:1474)
		at org.apache.catalina.loader.WebappClassLoaderBase.getResource(WebappClassLoaderBase.java:1077)
		at com.mysql.cj.jdbc.AbandonedConnectionCleanupThread.checkThreadContextClassLoader(AbandonedConnectionCleanupThread.java:116)
		at com.mysql.cj.jdbc.AbandonedConnectionCleanupThread.run(AbandonedConnectionCleanupThread.java:83)
		at java.base/java.util.concurrent.ThreadPoolExecutor.runWorker(ThreadPoolExecutor.java:1090)
		at java.base/java.util.concurrent.ThreadPoolExecutor$Worker.run(ThreadPoolExecutor.java:614)
		at java.base/java.lang.Thread.run(Thread.java:1516)
03-Oct-2026 22:13:01.003 INFO [http-nio-8080-exec-156] org.apache.catalina.startup.HostConfig.deployDescriptor Desplieque del descriptor de configuración [C:\Users\nigue\OneDrive\Documentos\apache-tomcat-9.0.122\conf\Catalina\localhost\SaludClick.xml]
03-Oct-2026 22:13:01.046 WARNING [http-nio-8080-exec-156] org.apache.catalina.startup.HostConfig.deployDescriptor The path attribute with value [/SaludClick] in deployment descriptor [C:\Users\nigue\OneDrive\Documentos\apache-tomcat-9.0.122\conf\Catalina\localhost\SaludClick.xml] has been ignored
03-Oct-2026 22:13:01.777 INFO [http-nio-8080-exec-156] org.apache.jasper.servlet.TldScanner.scanJars Al menos un JAR, que se ha explorado buscando TLDs, aún no contenía TLDs. Activar historial de depuración para este historiador para una completa lista de los JARs que fueron explorados y de los que nos se halló TLDs. Saltarse JARs no necesarios durante la exploración puede dar lugar a una mejora de tiempo significativa en el arranque y compilación de JSP .
03-Oct-2026 22:13:01.807 INFO [http-nio-8080-exec-156] org.apache.catalina.startup.HostConfig.deployDescriptor Deployment of deployment descriptor [C:\Users\nigue\OneDrive\Documentos\apache-tomcat-9.0.122\conf\Catalina\localhost\SaludClick.xml] has finished in [799] ms
03-Oct-2026 22:13:01.810 INFO [http-nio-8080-exec-155] org.apache.catalina.util.LifecycleBase.start The start() method was called on component [StandardEngine[Catalina].StandardHost[localhost].StandardContext[/SaludClick]] after start() had already been called. The second call will be ignored.
03-Oct-2026 22:25:12.342 WARNING [http-nio-8080-exec-157] org.apache.catalina.loader.WebappClassLoaderBase.clearReferencesJdbc La aplicación web [SaludClick] registró el conductor JDBC [com.mysql.cj.jdbc.Driver] pero falló al anular el registro mientras la aplicación web estaba parada. Para prevenir un fallo de memoria, se ha anulado el registro del conductor JDBC por la fuerza.
03-Oct-2026 22:25:12.345 WARNING [http-nio-8080-exec-157] org.apache.catalina.loader.WebappClassLoaderBase.clearReferencesThreads The web application [SaludClick] appears to have started a thread named [mysql-cj-abandoned-connection-cleanup] but has failed to stop it. This is very likely to create a memory leak. Stack trace of thread:
 java.base/java.lang.Object.wait0(Native Method)
 java.base/java.lang.Object.wait(Object.java:391)
 java.base/java.lang.ref.ReferenceQueue.remove0(ReferenceQueue.java:123)
 java.base/java.lang.ref.ReferenceQueue.remove(ReferenceQueue.java:201)
 com.mysql.cj.jdbc.AbandonedConnectionCleanupThread.run(AbandonedConnectionCleanupThread.java:84)
 java.base/java.util.concurrent.ThreadPoolExecutor.runWorker(ThreadPoolExecutor.java:1090)
 java.base/java.util.concurrent.ThreadPoolExecutor$Worker.run(ThreadPoolExecutor.java:614)
 java.base/java.lang.Thread.run(Thread.java:1516)
03-Oct-2026 22:25:12.645 INFO [mysql-cj-abandoned-connection-cleanup] org.apache.catalina.loader.WebappClassLoaderBase.checkStateForResourceLoading Acceso ilegal: esta instancia de aplicación web ya ha sido parada.  Could not load [].  La eventual traza de pila que sigue ha sido motivada por un error lanzado con motivos de depuración así como para intentar terminar el hilo que motivó el acceso ilegal y no tiene impacto funcional.
	java.lang.IllegalStateException: Acceso ilegal: esta instancia de aplicación web ya ha sido parada.  Could not load [].  La eventual traza de pila que sigue ha sido motivada por un error lanzado con motivos de depuración así como para intentar terminar el hilo que motivó el acceso ilegal y no tiene impacto funcional.
		at org.apache.catalina.loader.WebappClassLoaderBase.checkStateForResourceLoading(WebappClassLoaderBase.java:1474)
		at org.apache.catalina.loader.WebappClassLoaderBase.getResource(WebappClassLoaderBase.java:1077)
		at com.mysql.cj.jdbc.AbandonedConnectionCleanupThread.checkThreadContextClassLoader(AbandonedConnectionCleanupThread.java:116)
		at com.mysql.cj.jdbc.AbandonedConnectionCleanupThread.run(AbandonedConnectionCleanupThread.java:83)
		at java.base/java.util.concurrent.ThreadPoolExecutor.runWorker(ThreadPoolExecutor.java:1090)
		at java.base/java.util.concurrent.ThreadPoolExecutor$Worker.run(ThreadPoolExecutor.java:614)
		at java.base/java.lang.Thread.run(Thread.java:1516)
03-Oct-2026 22:25:12.887 INFO [http-nio-8080-exec-157] org.apache.catalina.startup.HostConfig.undeploy Repliegue (undeploy) de la aplicación web que tiene como trayectoria de contexto [/SaludClick]
03-Oct-2026 22:25:18.513 INFO [http-nio-8080-exec-159] org.apache.catalina.startup.HostConfig.deployDescriptor Desplieque del descriptor de configuración [C:\Users\nigue\OneDrive\Documentos\apache-tomcat-9.0.122\conf\Catalina\localhost\SaludClick.xml]
03-Oct-2026 22:25:18.530 WARNING [http-nio-8080-exec-159] org.apache.catalina.startup.HostConfig.deployDescriptor The path attribute with value [/SaludClick] in deployment descriptor [C:\Users\nigue\OneDrive\Documentos\apache-tomcat-9.0.122\conf\Catalina\localhost\SaludClick.xml] has been ignored
03-Oct-2026 22:25:19.165 INFO [http-nio-8080-exec-159] org.apache.jasper.servlet.TldScanner.scanJars Al menos un JAR, que se ha explorado buscando TLDs, aún no contenía TLDs. Activar historial de depuración para este historiador para una completa lista de los JARs que fueron explorados y de los que nos se halló TLDs. Saltarse JARs no necesarios durante la exploración puede dar lugar a una mejora de tiempo significativa en el arranque y compilación de JSP .
03-Oct-2026 22:25:19.181 INFO [http-nio-8080-exec-159] org.apache.catalina.startup.HostConfig.deployDescriptor Deployment of deployment descriptor [C:\Users\nigue\OneDrive\Documentos\apache-tomcat-9.0.122\conf\Catalina\localhost\SaludClick.xml] has finished in [665] ms
03-Oct-2026 22:25:19.186 INFO [http-nio-8080-exec-155] org.apache.catalina.util.LifecycleBase.start The start() method was called on component [StandardEngine[Catalina].StandardHost[localhost].StandardContext[/SaludClick]] after start() had already been called. The second call will be ignored.
03-Oct-2026 22:27:09.614 WARNING [http-nio-8080-exec-168] org.apache.catalina.loader.WebappClassLoaderBase.clearReferencesJdbc La aplicación web [SaludClick] registró el conductor JDBC [com.mysql.cj.jdbc.Driver] pero falló al anular el registro mientras la aplicación web estaba parada. Para prevenir un fallo de memoria, se ha anulado el registro del conductor JDBC por la fuerza.
03-Oct-2026 22:27:09.617 WARNING [http-nio-8080-exec-168] org.apache.catalina.loader.WebappClassLoaderBase.clearReferencesThreads The web application [SaludClick] appears to have started a thread named [mysql-cj-abandoned-connection-cleanup] but has failed to stop it. This is very likely to create a memory leak. Stack trace of thread:
 java.base/java.lang.Object.wait0(Native Method)
 java.base/java.lang.Object.wait(Object.java:391)
 java.base/java.lang.ref.ReferenceQueue.remove0(ReferenceQueue.java:123)
 java.base/java.lang.ref.ReferenceQueue.remove(ReferenceQueue.java:201)
 com.mysql.cj.jdbc.AbandonedConnectionCleanupThread.run(AbandonedConnectionCleanupThread.java:84)
 java.base/java.util.concurrent.ThreadPoolExecutor.runWorker(ThreadPoolExecutor.java:1090)
 java.base/java.util.concurrent.ThreadPoolExecutor$Worker.run(ThreadPoolExecutor.java:614)
 java.base/java.lang.Thread.run(Thread.java:1516)
03-Oct-2026 22:27:10.133 INFO [http-nio-8080-exec-168] org.apache.catalina.startup.HostConfig.undeploy Repliegue (undeploy) de la aplicación web que tiene como trayectoria de contexto [/SaludClick]
03-Oct-2026 22:27:10.573 INFO [mysql-cj-abandoned-connection-cleanup] org.apache.catalina.loader.WebappClassLoaderBase.checkStateForResourceLoading Acceso ilegal: esta instancia de aplicación web ya ha sido parada.  Could not load [].  La eventual traza de pila que sigue ha sido motivada por un error lanzado con motivos de depuración así como para intentar terminar el hilo que motivó el acceso ilegal y no tiene impacto funcional.
	java.lang.IllegalStateException: Acceso ilegal: esta instancia de aplicación web ya ha sido parada.  Could not load [].  La eventual traza de pila que sigue ha sido motivada por un error lanzado con motivos de depuración así como para intentar terminar el hilo que motivó el acceso ilegal y no tiene impacto funcional.
		at org.apache.catalina.loader.WebappClassLoaderBase.checkStateForResourceLoading(WebappClassLoaderBase.java:1474)
		at org.apache.catalina.loader.WebappClassLoaderBase.getResource(WebappClassLoaderBase.java:1077)
		at com.mysql.cj.jdbc.AbandonedConnectionCleanupThread.checkThreadContextClassLoader(AbandonedConnectionCleanupThread.java:116)
		at com.mysql.cj.jdbc.AbandonedConnectionCleanupThread.run(AbandonedConnectionCleanupThread.java:83)
		at java.base/java.util.concurrent.ThreadPoolExecutor.runWorker(ThreadPoolExecutor.java:1090)
		at java.base/java.util.concurrent.ThreadPoolExecutor$Worker.run(ThreadPoolExecutor.java:614)
		at java.base/java.lang.Thread.run(Thread.java:1516)
03-Oct-2026 22:27:14.922 INFO [http-nio-8080-exec-170] org.apache.catalina.startup.HostConfig.deployDescriptor Desplieque del descriptor de configuración [C:\Users\nigue\OneDrive\Documentos\apache-tomcat-9.0.122\conf\Catalina\localhost\SaludClick.xml]
03-Oct-2026 22:27:14.960 WARNING [http-nio-8080-exec-170] org.apache.catalina.startup.HostConfig.deployDescriptor The path attribute with value [/SaludClick] in deployment descriptor [C:\Users\nigue\OneDrive\Documentos\apache-tomcat-9.0.122\conf\Catalina\localhost\SaludClick.xml] has been ignored
03-Oct-2026 22:27:16.412 INFO [http-nio-8080-exec-170] org.apache.jasper.servlet.TldScanner.scanJars Al menos un JAR, que se ha explorado buscando TLDs, aún no contenía TLDs. Activar historial de depuración para este historiador para una completa lista de los JARs que fueron explorados y de los que nos se halló TLDs. Saltarse JARs no necesarios durante la exploración puede dar lugar a una mejora de tiempo significativa en el arranque y compilación de JSP .
03-Oct-2026 22:27:16.423 INFO [http-nio-8080-exec-170] org.apache.catalina.startup.HostConfig.deployDescriptor Deployment of deployment descriptor [C:\Users\nigue\OneDrive\Documentos\apache-tomcat-9.0.122\conf\Catalina\localhost\SaludClick.xml] has finished in [1.498] ms
03-Oct-2026 22:27:16.427 INFO [http-nio-8080-exec-164] org.apache.catalina.util.LifecycleBase.start The start() method was called on component [StandardEngine[Catalina].StandardHost[localhost].StandardContext[/SaludClick]] after start() had already been called. The second call will be ignored.
03-Oct-2026 22:30:10.375 WARNING [http-nio-8080-exec-176] org.apache.catalina.loader.WebappClassLoaderBase.clearReferencesJdbc La aplicación web [SaludClick] registró el conductor JDBC [com.mysql.cj.jdbc.Driver] pero falló al anular el registro mientras la aplicación web estaba parada. Para prevenir un fallo de memoria, se ha anulado el registro del conductor JDBC por la fuerza.
03-Oct-2026 22:30:10.378 WARNING [http-nio-8080-exec-176] org.apache.catalina.loader.WebappClassLoaderBase.clearReferencesThreads The web application [SaludClick] appears to have started a thread named [mysql-cj-abandoned-connection-cleanup] but has failed to stop it. This is very likely to create a memory leak. Stack trace of thread:
 java.base/java.lang.Object.wait0(Native Method)
 java.base/java.lang.Object.wait(Object.java:391)
 java.base/java.lang.ref.ReferenceQueue.remove0(ReferenceQueue.java:123)
 java.base/java.lang.ref.ReferenceQueue.remove(ReferenceQueue.java:201)
 com.mysql.cj.jdbc.AbandonedConnectionCleanupThread.run(AbandonedConnectionCleanupThread.java:84)
 java.base/java.util.concurrent.ThreadPoolExecutor.runWorker(ThreadPoolExecutor.java:1090)
 java.base/java.util.concurrent.ThreadPoolExecutor$Worker.run(ThreadPoolExecutor.java:614)
 java.base/java.lang.Thread.run(Thread.java:1516)
03-Oct-2026 22:30:10.899 INFO [http-nio-8080-exec-176] org.apache.catalina.startup.HostConfig.undeploy Repliegue (undeploy) de la aplicación web que tiene como trayectoria de contexto [/SaludClick]
03-Oct-2026 22:30:13.431 INFO [mysql-cj-abandoned-connection-cleanup] org.apache.catalina.loader.WebappClassLoaderBase.checkStateForResourceLoading Acceso ilegal: esta instancia de aplicación web ya ha sido parada.  Could not load [].  La eventual traza de pila que sigue ha sido motivada por un error lanzado con motivos de depuración así como para intentar terminar el hilo que motivó el acceso ilegal y no tiene impacto funcional.
	java.lang.IllegalStateException: Acceso ilegal: esta instancia de aplicación web ya ha sido parada.  Could not load [].  La eventual traza de pila que sigue ha sido motivada por un error lanzado con motivos de depuración así como para intentar terminar el hilo que motivó el acceso ilegal y no tiene impacto funcional.
		at org.apache.catalina.loader.WebappClassLoaderBase.checkStateForResourceLoading(WebappClassLoaderBase.java:1474)
		at org.apache.catalina.loader.WebappClassLoaderBase.getResource(WebappClassLoaderBase.java:1077)
		at com.mysql.cj.jdbc.AbandonedConnectionCleanupThread.checkThreadContextClassLoader(AbandonedConnectionCleanupThread.java:116)
		at com.mysql.cj.jdbc.AbandonedConnectionCleanupThread.run(AbandonedConnectionCleanupThread.java:83)
		at java.base/java.util.concurrent.ThreadPoolExecutor.runWorker(ThreadPoolExecutor.java:1090)
		at java.base/java.util.concurrent.ThreadPoolExecutor$Worker.run(ThreadPoolExecutor.java:614)
		at java.base/java.lang.Thread.run(Thread.java:1516)
03-Oct-2026 22:30:18.526 INFO [http-nio-8080-exec-180] org.apache.catalina.startup.HostConfig.deployDescriptor Desplieque del descriptor de configuración [C:\Users\nigue\OneDrive\Documentos\apache-tomcat-9.0.122\conf\Catalina\localhost\SaludClick.xml]
03-Oct-2026 22:30:18.545 WARNING [http-nio-8080-exec-180] org.apache.catalina.startup.HostConfig.deployDescriptor The path attribute with value [/SaludClick] in deployment descriptor [C:\Users\nigue\OneDrive\Documentos\apache-tomcat-9.0.122\conf\Catalina\localhost\SaludClick.xml] has been ignored
03-Oct-2026 22:30:19.090 INFO [http-nio-8080-exec-180] org.apache.jasper.servlet.TldScanner.scanJars Al menos un JAR, que se ha explorado buscando TLDs, aún no contenía TLDs. Activar historial de depuración para este historiador para una completa lista de los JARs que fueron explorados y de los que nos se halló TLDs. Saltarse JARs no necesarios durante la exploración puede dar lugar a una mejora de tiempo significativa en el arranque y compilación de JSP .
03-Oct-2026 22:30:19.107 INFO [http-nio-8080-exec-180] org.apache.catalina.startup.HostConfig.deployDescriptor Deployment of deployment descriptor [C:\Users\nigue\OneDrive\Documentos\apache-tomcat-9.0.122\conf\Catalina\localhost\SaludClick.xml] has finished in [580] ms
03-Oct-2026 22:30:19.110 INFO [http-nio-8080-exec-179] org.apache.catalina.util.LifecycleBase.start The start() method was called on component [StandardEngine[Catalina].StandardHost[localhost].StandardContext[/SaludClick]] after start() had already been called. The second call will be ignored.
03-Oct-2026 23:54:48.297 WARNING [http-nio-8080-exec-190] org.apache.catalina.loader.WebappClassLoaderBase.clearReferencesJdbc La aplicación web [SaludClick] registró el conductor JDBC [com.mysql.cj.jdbc.Driver] pero falló al anular el registro mientras la aplicación web estaba parada. Para prevenir un fallo de memoria, se ha anulado el registro del conductor JDBC por la fuerza.
03-Oct-2026 23:54:48.314 WARNING [http-nio-8080-exec-190] org.apache.catalina.loader.WebappClassLoaderBase.clearReferencesThreads The web application [SaludClick] appears to have started a thread named [mysql-cj-abandoned-connection-cleanup] but has failed to stop it. This is very likely to create a memory leak. Stack trace of thread:
 java.base/java.lang.Object.wait0(Native Method)
 java.base/java.lang.Object.wait(Object.java:391)
 java.base/java.lang.ref.ReferenceQueue.remove0(ReferenceQueue.java:123)
 java.base/java.lang.ref.ReferenceQueue.remove(ReferenceQueue.java:201)
 com.mysql.cj.jdbc.AbandonedConnectionCleanupThread.run(AbandonedConnectionCleanupThread.java:84)
 java.base/java.util.concurrent.ThreadPoolExecutor.runWorker(ThreadPoolExecutor.java:1090)
 java.base/java.util.concurrent.ThreadPoolExecutor$Worker.run(ThreadPoolExecutor.java:614)
 java.base/java.lang.Thread.run(Thread.java:1516)
03-Oct-2026 23:54:48.877 INFO [http-nio-8080-exec-190] org.apache.catalina.startup.HostConfig.undeploy Repliegue (undeploy) de la aplicación web que tiene como trayectoria de contexto [/SaludClick]
03-Oct-2026 23:54:51.746 INFO [mysql-cj-abandoned-connection-cleanup] org.apache.catalina.loader.WebappClassLoaderBase.checkStateForResourceLoading Acceso ilegal: esta instancia de aplicación web ya ha sido parada.  Could not load [].  La eventual traza de pila que sigue ha sido motivada por un error lanzado con motivos de depuración así como para intentar terminar el hilo que motivó el acceso ilegal y no tiene impacto funcional.
	java.lang.IllegalStateException: Acceso ilegal: esta instancia de aplicación web ya ha sido parada.  Could not load [].  La eventual traza de pila que sigue ha sido motivada por un error lanzado con motivos de depuración así como para intentar terminar el hilo que motivó el acceso ilegal y no tiene impacto funcional.
		at org.apache.catalina.loader.WebappClassLoaderBase.checkStateForResourceLoading(WebappClassLoaderBase.java:1474)
		at org.apache.catalina.loader.WebappClassLoaderBase.getResource(WebappClassLoaderBase.java:1077)
		at com.mysql.cj.jdbc.AbandonedConnectionCleanupThread.checkThreadContextClassLoader(AbandonedConnectionCleanupThread.java:116)
		at com.mysql.cj.jdbc.AbandonedConnectionCleanupThread.run(AbandonedConnectionCleanupThread.java:83)
		at java.base/java.util.concurrent.ThreadPoolExecutor.runWorker(ThreadPoolExecutor.java:1090)
		at java.base/java.util.concurrent.ThreadPoolExecutor$Worker.run(ThreadPoolExecutor.java:614)
		at java.base/java.lang.Thread.run(Thread.java:1516)
03-Oct-2026 23:55:36.272 INFO [http-nio-8080-exec-191] org.apache.catalina.startup.HostConfig.deployDescriptor Desplieque del descriptor de configuración [C:\Users\nigue\OneDrive\Documentos\apache-tomcat-9.0.122\conf\Catalina\localhost\SaludClick.xml]
03-Oct-2026 23:55:36.331 WARNING [http-nio-8080-exec-191] org.apache.catalina.startup.HostConfig.deployDescriptor The path attribute with value [/SaludClick] in deployment descriptor [C:\Users\nigue\OneDrive\Documentos\apache-tomcat-9.0.122\conf\Catalina\localhost\SaludClick.xml] has been ignored
03-Oct-2026 23:55:38.727 INFO [http-nio-8080-exec-191] org.apache.jasper.servlet.TldScanner.scanJars Al menos un JAR, que se ha explorado buscando TLDs, aún no contenía TLDs. Activar historial de depuración para este historiador para una completa lista de los JARs que fueron explorados y de los que nos se halló TLDs. Saltarse JARs no necesarios durante la exploración puede dar lugar a una mejora de tiempo significativa en el arranque y compilación de JSP .
03-Oct-2026 23:55:38.748 INFO [http-nio-8080-exec-191] org.apache.catalina.startup.HostConfig.deployDescriptor Deployment of deployment descriptor [C:\Users\nigue\OneDrive\Documentos\apache-tomcat-9.0.122\conf\Catalina\localhost\SaludClick.xml] has finished in [2.473] ms
03-Oct-2026 23:55:38.766 INFO [http-nio-8080-exec-183] org.apache.catalina.util.LifecycleBase.start The start() method was called on component [StandardEngine[Catalina].StandardHost[localhost].StandardContext[/SaludClick]] after start() had already been called. The second call will be ignored.
